Symbol,Date,Close,High,Low,Open,Volume,Name
FBHS,2011-09-16,12.7,12.93,11.0,11.9,963294,FBHS
FBHS,2011-09-19,13.78,13.78,12.0,12.25,665400,FBHS
FBHS,2011-09-20,13.7,14.02,13.33,13.98,794825,FBHS
FBHS,2011-09-21,13.4,14.0,13.18,13.8,619015,FBHS
FBHS,2011-09-22,13.2,13.25,12.4,13.09,1230488,FBHS
FBHS,2011-09-23,12.25,13.4,12.02,13.4,406175,FBHS
FBHS,2011-09-26,12.67,12.67,11.39,12.39,181854,FBHS
FBHS,2011-09-27,13.37,14.34,12.75,12.75,1788004,FBHS
FBHS,2011-09-28,12.85,13.7,12.75,13.29,251689,FBHS
FBHS,2011-09-29,13.17,13.25,12.67,13.0,222290,FBHS
FBHS,2011-09-30,12.4,13.25,12.06,13.03,623140,FBHS
FBHS,2011-10-03,12.3,12.68,11.75,12.0,23632234,FBHS
FBHS,2011-10-04,12.3,13.25,11.05,12.19,6068137,FBHS
FBHS,2011-10-05,12.2,12.3,11.26,11.55,1982954,FBHS
FBHS,2011-10-06,12.76,12.98,11.9,11.9,3333556,FBHS
FBHS,2011-10-07,12.35,13.0,12.27,12.59,2049856,FBHS
FBHS,2011-10-10,12.37,12.44,11.99,12.35,1922446,FBHS
FBHS,2011-10-11,12.48,12.76,11.48,11.5,3015144,FBHS
FBHS,2011-10-12,12.6,12.8,12.38,12.46,3255075,FBHS
FBHS,2011-10-13,12.62,12.77,12.15,12.4,3575238,FBHS
FBHS,2011-10-14,13.01,13.07,12.38,12.62,1658695,FBHS
FBHS,2011-10-17,13.72,13.73,13.0,13.03,1767585,FBHS
FBHS,2011-10-18,14.48,15.25,13.78,13.8,5257331,FBHS
FBHS,2011-10-19,15.06,15.25,14.33,14.33,3400059,FBHS
FBHS,2011-10-20,14.93,15.24,14.68,14.91,1252869,FBHS
FBHS,2011-10-21,14.95,15.49,14.78,15.11,1741267,FBHS
FBHS,2011-10-24,15.8,16.4,14.92,14.92,2008792,FBHS
FBHS,2011-10-25,14.78,15.83,14.75,15.74,2284830,FBHS
FBHS,2011-10-26,14.88,15.33,14.51,14.71,856825,FBHS
FBHS,2011-10-27,15.65,15.9,14.97,14.98,1132861,FBHS
FBHS,2011-10-28,14.92,15.33,14.76,15.27,1000623,FBHS
FBHS,2011-10-31,14.53,15.26,14.46,14.7,1162112,FBHS
FBHS,2011-11-01,14.67,14.91,14.11,14.26,1174822,FBHS
FBHS,2011-11-02,15.07,15.5,14.62,14.8,1289198,FBHS
FBHS,2011-11-03,15.0,15.5,14.5,15.42,2279821,FBHS
FBHS,2011-11-04,15.0,15.06,14.72,14.77,611628,FBHS
FBHS,2011-11-07,14.79,14.98,14.66,14.88,1101910,FBHS
FBHS,2011-11-08,15.09,15.53,14.8,14.83,708763,FBHS
FBHS,2011-11-09,14.9,15.15,14.8,14.87,1301308,FBHS
FBHS,2011-11-10,15.7,15.81,14.85,14.91,801667,FBHS
FBHS,2011-11-11,15.25,16.0,15.12,15.88,476895,FBHS
FBHS,2011-11-14,15.03,15.49,14.92,15.11,325857,FBHS
FBHS,2011-11-15,15.49,15.72,14.8,14.94,569380,FBHS
FBHS,2011-11-16,15.04,15.47,14.95,15.31,703148,FBHS
FBHS,2011-11-17,15.53,15.62,14.88,14.95,699085,FBHS
FBHS,2011-11-18,15.51,15.69,15.38,15.64,449495,FBHS
FBHS,2011-11-21,15.26,15.35,14.98,15.25,706737,FBHS
FBHS,2011-11-22,15.37,15.44,15.15,15.15,428687,FBHS
FBHS,2011-11-23,15.31,15.44,15.0,15.23,501133,FBHS
FBHS,2011-11-24,15.31,15.31,15.31,15.31,0,FBHS
FBHS,2011-11-25,15.45,15.5,15.15,15.2,95912,FBHS
FBHS,2011-11-28,15.97,16.0,15.49,15.81,507548,FBHS
FBHS,2011-11-29,16.01,16.39,15.67,15.96,461702,FBHS
FBHS,2011-11-30,16.68,16.74,16.21,16.37,2037185,FBHS
FBHS,2011-12-01,15.99,16.8,15.94,16.61,663984,FBHS
FBHS,2011-12-02,16.52,16.57,16.15,16.19,950575,FBHS
FBHS,2011-12-05,16.45,16.84,16.34,16.69,406513,FBHS
FBHS,2011-12-06,16.47,16.69,16.3,16.48,787712,FBHS
FBHS,2011-12-07,16.45,16.64,15.75,16.26,538736,FBHS
FBHS,2011-12-08,16.41,16.54,15.9501,16.15,707663,FBHS
FBHS,2011-12-09,17.01,17.09,16.32,16.39,787162,FBHS
FBHS,2011-12-12,16.32,16.94,16.16,16.87,563276,FBHS
FBHS,2011-12-13,15.78,16.48,15.68,16.33,313631,FBHS
FBHS,2011-12-14,15.98,16.05,15.4,15.68,377821,FBHS
FBHS,2011-12-15,15.91,16.53,15.7,16.12,797632,FBHS
FBHS,2011-12-16,15.59,15.97,15.33,15.92,2164401,FBHS
FBHS,2011-12-19,15.33,15.92,15.2,15.61,778042,FBHS
FBHS,2011-12-20,15.75,15.82,15.53,15.56,513464,FBHS
FBHS,2011-12-21,16.2,16.3875,15.65,15.69,775906,FBHS
FBHS,2011-12-22,16.45,16.53,16.22,16.31,1535439,FBHS
FBHS,2011-12-23,16.7,16.84,16.5,16.52,305372,FBHS
FBHS,2011-12-26,16.7,16.7,16.7,16.7,0,FBHS
FBHS,2011-12-27,16.65,16.84,16.5206,16.59,171982,FBHS
FBHS,2011-12-28,16.39,16.65,16.34,16.6,598952,FBHS
FBHS,2011-12-29,16.64,16.72,16.23,16.36,537205,FBHS
FBHS,2011-12-30,17.03,17.04,16.62,16.62,402055,FBHS
FBHS,2012-01-02,17.03,17.03,17.03,17.03,0,FBHS
FBHS,2012-01-03,16.82,17.36,16.76,17.26,1442178,FBHS
FBHS,2012-01-04,17.03,17.1,16.72,16.75,1958428,FBHS
FBHS,2012-01-05,17.33,17.7,16.88,16.93,1579900,FBHS
FBHS,2012-01-06,17.65,18.0,17.08,17.37,642105,FBHS
FBHS,2012-01-09,17.78,17.93,17.27,17.69,654789,FBHS
FBHS,2012-01-10,18.02,18.105,17.72,18.0,691884,FBHS
FBHS,2012-01-11,17.98,18.02,17.75,17.9,3590610,FBHS
FBHS,2012-01-12,18.29,18.35,17.977,18.32,1250395,FBHS
FBHS,2012-01-13,18.22,18.35,17.82,18.18,564301,FBHS
FBHS,2012-01-16,18.22,18.22,18.22,18.22,0,FBHS
FBHS,2012-01-17,17.92,18.375,17.81,18.3,496025,FBHS
FBHS,2012-01-18,17.81,18.0,17.58,17.89,1438165,FBHS
FBHS,2012-01-19,18.1,18.17,17.77,17.82,596083,FBHS
FBHS,2012-01-20,17.89,18.12,17.77,18.12,1201843,FBHS
FBHS,2012-01-23,17.78,18.04,17.6,17.86,1738001,FBHS
FBHS,2012-01-24,17.86,17.86,17.52,17.71,318773,FBHS
FBHS,2012-01-25,17.9,17.9,17.56,17.85,975385,FBHS
FBHS,2012-01-26,17.91,17.9817,17.7,17.89,667393,FBHS
FBHS,2012-01-27,17.95,18.0291,17.8,17.87,424875,FBHS
FBHS,2012-01-30,18.32,18.35,17.74,17.75,704958,FBHS
FBHS,2012-01-31,18.57,18.66,18.36,18.36,703587,FBHS
FBHS,2012-02-01,18.89,19.2,18.5,18.54,2145795,FBHS
FBHS,2012-02-02,19.25,19.25,18.58,18.87,837945,FBHS
FBHS,2012-02-03,19.55,19.83,19.32,19.32,1732836,FBHS
FBHS,2012-02-06,18.84,19.44,18.8,19.44,907468,FBHS
FBHS,2012-02-07,18.65,18.8,18.28,18.8,1368992,FBHS
FBHS,2012-02-08,19.11,19.14,18.51,18.64,1063886,FBHS
FBHS,2012-02-09,19.22,19.32,18.935,19.1,957166,FBHS
FBHS,2012-02-10,19.34,19.39,18.97,19.06,1215194,FBHS
FBHS,2012-02-13,19.52,19.53,19.11,19.41,803195,FBHS
FBHS,2012-02-14,19.72,19.8,19.26,19.36,929362,FBHS
FBHS,2012-02-15,19.49,20.15,19.33,19.9,1058641,FBHS
FBHS,2012-02-16,19.52,19.66,19.3,19.44,650888,FBHS
FBHS,2012-02-17,19.32,19.73,19.3,19.56,470226,FBHS
FBHS,2012-02-20,19.32,19.32,19.32,19.32,0,FBHS
FBHS,2012-02-21,19.46,19.64,19.3,19.31,668047,FBHS
FBHS,2012-02-22,19.24,19.46,19.2,19.4,922546,FBHS
FBHS,2012-02-23,19.75,19.77,18.85,19.16,1001730,FBHS
FBHS,2012-02-24,19.41,19.8,19.29,19.68,631868,FBHS
FBHS,2012-02-27,19.45,19.55,19.23,19.31,802017,FBHS
FBHS,2012-02-28,19.24,19.56,19.22,19.44,1669468,FBHS
FBHS,2012-02-29,19.34,19.515,19.24,19.29,1533710,FBHS
FBHS,2012-03-01,19.37,19.5,19.19,19.5,1196416,FBHS
FBHS,2012-03-02,19.15,19.43,19.0,19.33,979467,FBHS
FBHS,2012-03-05,19.25,19.28,19.004,19.11,698387,FBHS
FBHS,2012-03-06,19.02,19.12,18.77,19.08,1442723,FBHS
FBHS,2012-03-07,19.5,19.52,18.86,19.13,2065411,FBHS
FBHS,2012-03-08,20.13,20.24,19.5,19.65,1058488,FBHS
FBHS,2012-03-09,20.95,20.98,19.95,20.09,903046,FBHS
FBHS,2012-03-12,21.02,21.18,20.17,20.17,1441775,FBHS
FBHS,2012-03-13,21.57,21.91,21.05,21.12,1588523,FBHS
FBHS,2012-03-14,21.23,21.589,20.87,21.49,724191,FBHS
FBHS,2012-03-15,21.3,21.34,21.0,21.23,1316217,FBHS
FBHS,2012-03-16,21.41,21.53,20.89,21.33,7184100,FBHS
FBHS,2012-03-19,21.45,21.6,21.26,21.46,1483458,FBHS
FBHS,2012-03-20,21.16,21.35,20.96,21.3,598695,FBHS
FBHS,2012-03-21,21.12,21.25,20.81,21.19,766313,FBHS
FBHS,2012-03-22,21.29,21.32,20.86,21.04,1309122,FBHS
FBHS,2012-03-23,21.33,21.36,20.97,21.19,2046131,FBHS
FBHS,2012-03-26,21.61,21.7,21.42,21.45,803929,FBHS
FBHS,2012-03-27,21.65,21.95,21.5,21.57,1284684,FBHS
FBHS,2012-03-28,22.25,22.25,21.55,21.59,2144071,FBHS
FBHS,2012-03-29,22.2,22.25,21.85,22.08,684606,FBHS
FBHS,2012-03-30,22.07,22.32,21.96,22.28,805520,FBHS
FBHS,2012-04-02,21.71,22.02,21.7,22.0,1340291,FBHS
FBHS,2012-04-03,21.61,21.7,21.46,21.69,1175039,FBHS
FBHS,2012-04-04,21.34,21.51,20.99,21.41,1287836,FBHS
FBHS,2012-04-05,21.38,21.63,21.16,21.33,1556727,FBHS
FBHS,2012-04-06,21.38,21.38,21.38,21.38,0,FBHS
FBHS,2012-04-09,21.0,21.09,20.88,21.05,1041777,FBHS
FBHS,2012-04-10,20.21,20.94,20.05,20.92,1883351,FBHS
FBHS,2012-04-11,20.54,20.67,20.19,20.37,652466,FBHS
FBHS,2012-04-12,20.99,21.12,20.52,20.53,596669,FBHS
FBHS,2012-04-13,20.69,21.07,20.64,20.9,2775106,FBHS
FBHS,2012-04-16,20.72,20.84,20.37,20.77,589768,FBHS
FBHS,2012-04-17,20.7,21.14,20.68,20.82,2613939,FBHS
FBHS,2012-04-18,20.67,20.77,20.425,20.59,1093008,FBHS
FBHS,2012-04-19,20.42,20.84,20.19,20.69,766212,FBHS
FBHS,2012-04-20,20.7,20.79,20.14,20.47,4172926,FBHS
FBHS,2012-04-23,20.39,20.55,20.15,20.39,688868,FBHS
FBHS,2012-04-24,20.45,20.61,20.17,20.33,819034,FBHS
FBHS,2012-04-25,20.72,20.9,20.56,20.62,2184068,FBHS
FBHS,2012-04-26,20.64,20.99,20.57,20.73,2013907,FBHS
FBHS,2012-04-27,22.53,22.61,20.43,21.1,9761474,FBHS
FBHS,2012-04-30,22.74,22.8,22.37,22.43,1777337,FBHS
FBHS,2012-05-01,23.44,23.85,22.51,23.08,3565111,FBHS
FBHS,2012-05-02,23.87,24.02,23.39,23.71,2965805,FBHS
FBHS,2012-05-03,23.38,24.05,23.24,23.8,1357807,FBHS
FBHS,2012-05-04,23.37,23.52,23.085,23.13,887186,FBHS
FBHS,2012-05-07,23.4,23.66,23.24,23.27,768575,FBHS
FBHS,2012-05-08,23.13,23.29,22.58,23.29,1398506,FBHS
FBHS,2012-05-09,22.95,23.08,22.64,22.92,826289,FBHS
FBHS,2012-05-10,23.18,23.46,22.97,23.07,1183629,FBHS
FBHS,2012-05-11,24.04,24.11,23.02,23.02,1194904,FBHS
FBHS,2012-05-14,23.74,24.08,23.37,23.75,1037535,FBHS
FBHS,2012-05-15,23.62,23.85,23.22,23.61,1645591,FBHS
FBHS,2012-05-16,23.55,24.02,23.4,23.66,979055,FBHS
FBHS,2012-05-17,22.5,23.6,22.4,23.6,1165589,FBHS
FBHS,2012-05-18,21.78,22.59,21.67,22.56,1891045,FBHS
FBHS,2012-05-21,22.11,22.13,21.5,21.84,1507097,FBHS
FBHS,2012-05-22,22.05,22.27,21.97,22.16,1569179,FBHS
FBHS,2012-05-23,22.05,22.17,21.67,21.86,1240737,FBHS
FBHS,2012-05-24,22.36,22.46,22.03,22.09,1269780,FBHS
FBHS,2012-05-25,22.6,22.73,22.31,22.47,823456,FBHS
FBHS,2012-05-28,22.6,22.6,22.6,22.6,0,FBHS
FBHS,2012-05-29,23.1,23.22,22.75,22.75,1116447,FBHS
FBHS,2012-05-30,22.84,23.01,22.56,22.93,2110218,FBHS
FBHS,2012-05-31,22.62,22.81,21.51,22.81,2030570,FBHS
FBHS,2012-06-01,21.13,22.0503,20.44,22.0503,3606576,FBHS
FBHS,2012-06-04,20.58,21.1,20.14,21.1,1389298,FBHS
FBHS,2012-06-05,20.62,20.73,20.24,20.54,1377333,FBHS
FBHS,2012-06-06,21.31,21.35,20.71,20.8,830427,FBHS
FBHS,2012-06-07,21.7,22.03,21.43,21.59,1219395,FBHS
FBHS,2012-06-08,22.34,22.38,21.401,21.67,868229,FBHS
FBHS,2012-06-11,21.8,22.62,21.765,22.56,851581,FBHS
FBHS,2012-06-12,22.02,22.12,21.76,21.93,946459,FBHS
FBHS,2012-06-13,21.41,22.0,21.34,22.0,1031039,FBHS
FBHS,2012-06-14,21.59,21.66,21.23,21.46,759514,FBHS
FBHS,2012-06-15,21.97,22.055,21.4,21.7,1244800,FBHS
FBHS,2012-06-18,22.88,23.03,21.8,21.8,1461273,FBHS
FBHS,2012-06-19,23.21,23.45,22.9,22.95,1323047,FBHS
FBHS,2012-06-20,22.77,23.17,22.45,23.1,1002599,FBHS
FBHS,2012-06-21,20.55,22.48,20.52,22.29,2574784,FBHS
FBHS,2012-06-22,20.47,20.675,20.06,20.57,2682016,FBHS
FBHS,2012-06-25,20.15,20.29,19.27,20.12,1176570,FBHS
FBHS,2012-06-26,20.65,21.105,19.87,20.2,1316302,FBHS
FBHS,2012-06-27,21.16,21.18,20.39,20.7,1330940,FBHS
FBHS,2012-06-28,21.78,21.78,20.6596,20.95,1798210,FBHS
FBHS,2012-06-29,22.27,22.35,21.51,22.18,1413749,FBHS
FBHS,2012-07-02,23.37,23.55,22.315,22.42,2206338,FBHS
FBHS,2012-07-03,23.43,23.8,22.98,23.34,1669308,FBHS
FBHS,2012-07-04,23.43,23.43,23.43,23.43,0,FBHS
FBHS,2012-07-05,23.6,23.89,23.31,23.39,1310955,FBHS
FBHS,2012-07-06,22.97,23.56,22.43,23.32,2053789,FBHS
FBHS,2012-07-09,22.61,23.02,22.3,22.96,1398196,FBHS
FBHS,2012-07-10,21.59,23.05,21.34,23.05,1291492,FBHS
FBHS,2012-07-11,21.81,22.22,21.45,21.63,934862,FBHS
FBHS,2012-07-12,21.81,21.9,21.13,21.61,798474,FBHS
FBHS,2012-07-13,22.1,22.56,21.81,21.81,1636474,FBHS
FBHS,2012-07-16,21.51,22.16,21.25,22.0,1198325,FBHS
FBHS,2012-07-17,21.41,21.63,20.61,21.61,1170032,FBHS
FBHS,2012-07-18,22.42,22.455,21.24,21.31,1319975,FBHS
FBHS,2012-07-19,22.9,23.0199,22.42,22.53,1274055,FBHS
FBHS,2012-07-20,22.43,22.96,22.41,22.66,982155,FBHS
FBHS,2012-07-23,21.95,22.28,21.53,21.83,791146,FBHS
FBHS,2012-07-24,21.52,22.0,20.85,21.99,1291792,FBHS
FBHS,2012-07-25,20.73,21.55,20.59,21.5,1276571,FBHS
FBHS,2012-07-26,21.33,21.97,21.05,21.25,1142146,FBHS
FBHS,2012-07-27,22.13,22.79,20.2,20.99,3356336,FBHS
FBHS,2012-07-30,22.39,22.5,21.89,22.05,1134726,FBHS
FBHS,2012-07-31,22.12,22.68,21.87,22.29,1108471,FBHS
FBHS,2012-08-01,21.88,21.88,21.88,21.88,12179,FBHS
FBHS,2012-08-02,21.41,21.8,21.25,21.6,1369866,FBHS
FBHS,2012-08-03,22.51,22.58,21.5,21.87,676223,FBHS
FBHS,2012-08-06,22.71,22.93,22.42,22.5,668911,FBHS
FBHS,2012-08-07,22.91,23.26,22.58,22.9,690850,FBHS
FBHS,2012-08-08,22.75,23.2,22.46,22.76,564316,FBHS
FBHS,2012-08-09,22.57,22.99,22.47,22.77,638734,FBHS
FBHS,2012-08-10,22.4,22.65,22.24,22.52,357504,FBHS
FBHS,2012-08-13,22.65,22.66,22.26,22.39,593054,FBHS
FBHS,2012-08-14,23.41,23.53,22.28,22.72,1656354,FBHS
FBHS,2012-08-15,23.68,23.75,23.21,23.21,1152677,FBHS
FBHS,2012-08-16,24.27,24.49,23.5,23.65,1110918,FBHS
FBHS,2012-08-17,24.62,24.66,23.9,24.27,1092640,FBHS
FBHS,2012-08-20,24.27,24.52,24.03,24.49,870710,FBHS
FBHS,2012-08-21,24.21,24.5,23.97,24.26,1384660,FBHS
FBHS,2012-08-22,24.19,24.35,23.79,24.22,694255,FBHS
FBHS,2012-08-23,24.5,24.6425,23.9,24.2,822818,FBHS
FBHS,2012-08-24,24.65,25.05,23.93,24.37,2325226,FBHS
FBHS,2012-08-27,24.92,25.04,24.47,24.85,720959,FBHS
FBHS,2012-08-28,25.09,25.25,24.77,24.88,1137193,FBHS
FBHS,2012-08-29,25.5,25.6,25.02,25.19,1081036,FBHS
FBHS,2012-08-30,25.37,25.55,25.145,25.29,655721,FBHS
FBHS,2012-08-31,25.5,25.73,25.11,25.35,869851,FBHS
FBHS,2012-09-03,25.5,25.5,25.5,25.5,0,FBHS
FBHS,2012-09-04,25.57,25.83,24.94,25.46,859051,FBHS
FBHS,2012-09-05,25.3,25.65,25.04,25.6,899611,FBHS
FBHS,2012-09-06,26.9,26.965,25.4,25.4,1807989,FBHS
FBHS,2012-09-07,26.64,27.21,26.58,27.09,1407736,FBHS
FBHS,2012-09-10,26.0,26.66,25.99,26.29,1329312,FBHS
FBHS,2012-09-11,26.0,26.46,25.97,26.13,1502733,FBHS
FBHS,2012-09-12,26.52,26.53,25.98,26.15,1291437,FBHS
FBHS,2012-09-13,27.5,27.71,26.245,26.62,1990772,FBHS
FBHS,2012-09-14,28.19,29.02,27.5,27.5,3205589,FBHS
FBHS,2012-09-17,27.76,28.22,27.55,28.09,1177827,FBHS
FBHS,2012-09-18,27.28,28.0,26.97,27.63,3163209,FBHS
FBHS,2012-09-19,27.44,27.7,27.11,27.35,2343891,FBHS
FBHS,2012-09-20,27.55,27.63,27.18,27.4,2477287,FBHS
FBHS,2012-09-21,28.65,29.12,27.65,27.72,3443000,FBHS
FBHS,2012-09-24,28.32,28.73,28.05,28.33,1314050,FBHS
FBHS,2012-09-25,27.57,28.51,27.5,28.44,1430929,FBHS
FBHS,2012-09-26,27.04,27.65,26.6,27.6,1167434,FBHS
FBHS,2012-09-27,27.49,27.5655,26.8,27.13,972330,FBHS
FBHS,2012-09-28,27.01,27.64,26.94,27.4,1087418,FBHS
FBHS,2012-10-01,26.78,27.32,26.63,27.02,1348858,FBHS
FBHS,2012-10-02,27.1,27.24,26.78,26.98,977927,FBHS
FBHS,2012-10-03,27.76,27.96,26.87,27.2,1552588,FBHS
FBHS,2012-10-04,27.98,28.0,27.68,27.76,1233591,FBHS
FBHS,2012-10-05,28.05,28.74,27.97,28.1,1720455,FBHS
FBHS,2012-10-08,27.79,27.92,27.64,27.84,1353214,FBHS
FBHS,2012-10-09,26.9,27.92,26.89,27.82,2192936,FBHS
FBHS,2012-10-10,26.9,27.285,26.74,26.86,765021,FBHS
FBHS,2012-10-11,26.99,27.22,26.55,27.1,1161647,FBHS
FBHS,2012-10-12,27.03,27.21,26.7802,26.98,699442,FBHS
FBHS,2012-10-15,27.24,27.33,26.9,27.13,958671,FBHS
FBHS,2012-10-16,27.88,27.988,27.3711,27.49,922316,FBHS
FBHS,2012-10-17,28.72,28.99,28.01,28.04,1662910,FBHS
FBHS,2012-10-18,29.27,29.31,28.38,28.6,1250541,FBHS
FBHS,2012-10-19,29.31,29.41,28.98,29.2,1036599,FBHS
FBHS,2012-10-22,28.14,29.3,27.975,29.24,2358680,FBHS
FBHS,2012-10-23,26.97,28.01,26.79,27.77,2808544,FBHS
FBHS,2012-10-24,29.2,30.27,28.23,28.23,4678721,FBHS
FBHS,2012-10-25,28.44,29.62,28.12,29.43,2054241,FBHS
FBHS,2012-10-26,27.71,28.895,27.6,28.53,2512472,FBHS
FBHS,2012-10-29,27.71,27.71,27.71,27.71,0,FBHS
FBHS,2012-10-30,27.71,27.71,27.71,27.71,0,FBHS
FBHS,2012-10-31,28.44,28.9,27.22,27.87,1861779,FBHS
FBHS,2012-11-01,29.99,30.03,28.94,29.06,2657459,FBHS
FBHS,2012-11-02,29.42,30.5,29.33,30.15,1542151,FBHS
FBHS,2012-11-05,29.61,29.9,29.12,29.37,1233541,FBHS
FBHS,2012-11-06,29.33,30.09,29.2299,29.84,1371686,FBHS
FBHS,2012-11-07,29.03,29.24,28.305,28.91,1222550,FBHS
FBHS,2012-11-08,27.97,28.96,27.96,28.92,2247343,FBHS
FBHS,2012-11-09,27.99,28.06,26.93,27.8,1726161,FBHS
FBHS,2012-11-12,27.93,28.35,27.61,28.13,1659409,FBHS
FBHS,2012-11-13,28.21,28.6,27.6475,27.7,1332453,FBHS
FBHS,2012-11-14,27.39,28.29,27.3,28.11,2786267,FBHS
FBHS,2012-11-15,26.88,27.43,26.32,27.26,1933688,FBHS
FBHS,2012-11-16,26.9,27.25,26.65,26.87,1701892,FBHS
FBHS,2012-11-19,27.99,28.76,27.2568,27.28,1589520,FBHS
FBHS,2012-11-20,29.05,29.12,28.0,28.0,2001109,FBHS
FBHS,2012-11-21,28.99,29.72,28.8801,29.07,964363,FBHS
FBHS,2012-11-22,28.99,28.99,28.99,28.99,0,FBHS
FBHS,2012-11-23,29.44,29.95,29.18,29.94,340081,FBHS
FBHS,2012-11-26,28.75,29.37,28.72,29.24,1117228,FBHS
FBHS,2012-11-27,28.48,29.11,28.33,28.79,1232915,FBHS
FBHS,2012-11-28,28.8,28.84,27.9,28.41,796753,FBHS
FBHS,2012-11-29,29.66,29.7,28.4,28.94,1401545,FBHS
FBHS,2012-11-30,29.99,30.27,29.37,29.66,6403191,FBHS
FBHS,2012-12-03,29.75,30.08,29.5,29.89,1593181,FBHS
FBHS,2012-12-04,30.0,30.09,29.6915,29.79,1150200,FBHS
FBHS,2012-12-05,29.14,30.03,28.941,29.98,1286616,FBHS
FBHS,2012-12-06,29.05,29.105,28.43,29.05,1152245,FBHS
FBHS,2012-12-07,28.96,29.36,28.72,29.18,722400,FBHS
FBHS,2012-12-10,28.75,29.02,28.65,28.99,860767,FBHS
FBHS,2012-12-11,28.76,28.99,28.56,28.99,851448,FBHS
FBHS,2012-12-12,29.67,30.05,28.83,28.91,2314350,FBHS
FBHS,2012-12-13,29.53,29.74,29.21,29.27,1266471,FBHS
FBHS,2012-12-14,29.32,29.67,29.12,29.37,910797,FBHS
FBHS,2012-12-17,29.69,29.7,28.96,29.39,2390982,FBHS
FBHS,2012-12-18,30.14,30.25,29.645,29.81,1963129,FBHS
FBHS,2012-12-19,30.01,30.3,29.8,30.29,1084701,FBHS
FBHS,2012-12-20,30.33,30.35,29.49,30.05,2158393,FBHS
FBHS,2012-12-21,29.92,29.98,29.53,29.89,3722712,FBHS
FBHS,2012-12-24,29.79,30.1695,29.615,29.93,395341,FBHS
FBHS,2012-12-25,29.79,29.79,29.79,29.79,0,FBHS
FBHS,2012-12-26,28.99,29.92,28.91,29.79,793428,FBHS
FBHS,2012-12-27,29.13,29.31,28.44,28.98,799064,FBHS
FBHS,2012-12-28,28.85,29.19,28.68,28.88,877328,FBHS
FBHS,2012-12-31,29.22,29.6,28.58,28.69,741157,FBHS
FBHS,2013-01-01,29.22,29.22,29.22,29.22,0,FBHS
FBHS,2013-01-02,30.73,30.74,29.91,29.91,1371737,FBHS
FBHS,2013-01-03,30.59,31.19,30.49,30.78,846903,FBHS
FBHS,2013-01-04,30.89,30.91,30.51,30.72,604571,FBHS
FBHS,2013-01-07,30.89,31.0,30.67,30.85,742765,FBHS
FBHS,2013-01-08,31.22,31.44,30.71,30.96,1060578,FBHS
FBHS,2013-01-09,31.55,31.81,31.23,31.41,828959,FBHS
FBHS,2013-01-10,31.25,31.73,31.04,31.72,1570160,FBHS
FBHS,2013-01-11,31.52,31.6,31.15,31.15,735127,FBHS
FBHS,2013-01-14,31.0,31.6,30.91,31.33,966718,FBHS
FBHS,2013-01-15,31.0,31.18,30.9,31.03,1503863,FBHS
FBHS,2013-01-16,30.87,31.08,30.82,31.0,730603,FBHS
FBHS,2013-01-17,31.17,31.29,30.86,31.05,1903551,FBHS
FBHS,2013-01-18,31.69,32.04,31.11,31.28,1813254,FBHS
FBHS,2013-01-21,31.69,31.69,31.69,31.69,0,FBHS
FBHS,2013-01-22,31.78,31.84,31.48,31.78,1243747,FBHS
FBHS,2013-01-23,31.95,32.155,31.69,31.78,1204949,FBHS
FBHS,2013-01-24,32.08,32.9,31.85,32.04,1357456,FBHS
FBHS,2013-01-25,32.38,32.38,31.81,32.21,768733,FBHS
FBHS,2013-01-28,32.28,32.692,31.78,32.58,887783,FBHS
FBHS,2013-01-29,32.71,32.79,31.9005,32.25,1461556,FBHS
FBHS,2013-01-30,32.34,32.83,32.3,32.75,1128232,FBHS
FBHS,2013-01-31,32.74,32.94,31.72,32.33,2958718,FBHS
FBHS,2013-02-01,33.1,33.8,32.81,33.0,2776689,FBHS
FBHS,2013-02-04,32.43,33.05,32.28,32.82,1451369,FBHS
FBHS,2013-02-05,32.36,32.63,32.1,32.63,2490148,FBHS
FBHS,2013-02-06,32.8,32.996,32.31,32.38,2799127,FBHS
FBHS,2013-02-07,33.25,33.37,32.64,33.19,1985469,FBHS
FBHS,2013-02-08,33.61,33.62,33.19,33.26,853602,FBHS
FBHS,2013-02-11,33.55,33.74,33.38,33.64,1200931,FBHS
FBHS,2013-02-12,34.6,34.61,33.7201,33.9,1581419,FBHS
FBHS,2013-02-13,34.62,35.63,34.35,34.8,2525974,FBHS
FBHS,2013-02-14,34.22,34.6,34.05,34.52,1193212,FBHS
FBHS,2013-02-15,34.03,34.27,33.82,34.25,1222930,FBHS
FBHS,2013-02-18,34.03,34.03,34.03,34.03,0,FBHS
FBHS,2013-02-19,33.9,34.385,33.57,34.14,1856816,FBHS
FBHS,2013-02-20,32.56,34.05,32.505,33.87,1738051,FBHS
FBHS,2013-02-21,33.42,33.49,32.52,32.61,2344106,FBHS
FBHS,2013-02-22,34.13,34.14,33.4,33.5,1129050,FBHS
FBHS,2013-02-25,33.1,34.335,33.08,34.27,2300996,FBHS
FBHS,2013-02-26,33.9,34.01,33.0,33.38,1243424,FBHS
FBHS,2013-02-27,34.55,34.89,33.78,33.82,888992,FBHS
FBHS,2013-02-28,34.55,34.96,34.41,34.57,1046295,FBHS
FBHS,2013-03-01,34.37,34.51,33.51,34.21,1488071,FBHS
FBHS,2013-03-04,34.92,34.98,34.0732,34.18,866612,FBHS
FBHS,2013-03-05,35.47,35.47,34.91,35.0,945844,FBHS
FBHS,2013-03-06,36.04,36.095,35.44,35.48,1733758,FBHS
FBHS,2013-03-07,35.85,35.98,35.39,35.97,1146519,FBHS
FBHS,2013-03-08,36.02,36.34,35.76,36.13,627704,FBHS
FBHS,2013-03-11,35.85,36.17,35.56,36.06,1050385,FBHS
FBHS,2013-03-12,35.59,35.94,35.29,35.87,1065276,FBHS
FBHS,2013-03-13,35.96,36.005,35.42,35.58,1078008,FBHS
FBHS,2013-03-14,36.33,36.34,35.84,36.03,816354,FBHS
FBHS,2013-03-15,36.35,36.56,36.03,36.36,1883298,FBHS
FBHS,2013-03-18,36.26,36.57,35.71,35.85,1050877,FBHS
FBHS,2013-03-19,36.37,36.63,35.74,36.47,1053843,FBHS
FBHS,2013-03-20,37.67,37.78,36.69,36.74,1299848,FBHS
FBHS,2013-03-21,36.29,38.16,36.21,38.16,1524128,FBHS
FBHS,2013-03-22,36.68,36.88,36.35,36.56,597173,FBHS
FBHS,2013-03-25,37.11,37.46,36.61,37.0,949907,FBHS
FBHS,2013-03-26,36.73,37.19,36.09,37.13,1428759,FBHS
FBHS,2013-03-27,36.74,36.81,36.32,36.6,610460,FBHS
FBHS,2013-03-28,37.43,37.47,36.76,36.83,808489,FBHS
FBHS,2013-03-29,37.43,37.43,37.43,37.43,0,FBHS
FBHS,2013-04-01,36.23,37.36,36.12,37.34,893585,FBHS
FBHS,2013-04-02,35.68,36.9,35.53,36.5,1274408,FBHS
FBHS,2013-04-03,34.58,35.79,34.25,35.71,1649439,FBHS
FBHS,2013-04-04,34.25,34.75,33.78,34.59,1583316,FBHS
FBHS,2013-04-05,34.43,34.688,33.2,33.76,1721299,FBHS
FBHS,2013-04-08,35.15,35.37,34.17,34.56,1215130,FBHS
FBHS,2013-04-09,35.09,35.34,34.91,35.31,965061,FBHS
FBHS,2013-04-10,35.56,35.73,34.97,35.12,926900,FBHS
FBHS,2013-04-11,36.18,36.49,35.4,35.61,664722,FBHS
FBHS,2013-04-12,36.7,37.165,35.96,36.1,1912444,FBHS
FBHS,2013-04-15,34.45,36.61,34.4,36.54,2541233,FBHS
FBHS,2013-04-16,35.48,35.51,34.86,34.86,1700175,FBHS
FBHS,2013-04-17,34.79,35.04,34.23,35.04,1348650,FBHS
FBHS,2013-04-18,35.06,35.1,34.59,34.9,1308387,FBHS
FBHS,2013-04-19,36.46,36.5,34.97,35.12,1064509,FBHS
FBHS,2013-04-22,36.3,36.66,35.6,36.52,922619,FBHS
FBHS,2013-04-23,36.71,37.1,36.23,36.68,1458368,FBHS
FBHS,2013-04-24,36.24,37.1,35.97,36.73,1965747,FBHS
FBHS,2013-04-25,36.66,37.12,36.25,36.47,2002581,FBHS
FBHS,2013-04-26,36.76,37.08,36.49,36.72,1007110,FBHS
FBHS,2013-04-29,36.45,37.03,36.36,36.81,1260528,FBHS
FBHS,2013-04-30,36.39,36.898,36.07,36.46,2238107,FBHS
FBHS,2013-05-01,36.26,36.72,36.06,36.42,2168387,FBHS
FBHS,2013-05-02,37.43,37.721,36.26,36.26,1965461,FBHS
FBHS,2013-05-03,39.72,41.67,38.5,39.72,5297905,FBHS
FBHS,2013-05-06,40.13,40.41,39.361,39.88,1520998,FBHS
FBHS,2013-05-07,40.67,40.75,39.9,40.15,886418,FBHS
FBHS,2013-05-08,40.46,40.66,40.0,40.66,1110212,FBHS
FBHS,2013-05-09,40.53,40.8,40.46,40.5,1000985,FBHS
FBHS,2013-05-10,40.73,40.925,40.35,40.56,508642,FBHS
FBHS,2013-05-13,41.32,41.39,40.37,40.69,961088,FBHS
FBHS,2013-05-14,42.56,42.59,41.35,41.41,1092027,FBHS
FBHS,2013-05-15,43.52,43.6,42.15,42.47,1237464,FBHS
FBHS,2013-05-16,42.79,43.44,42.61,43.21,1291476,FBHS
FBHS,2013-05-17,43.54,43.72,43.0,43.12,1218550,FBHS
FBHS,2013-05-20,43.34,43.76,42.85,43.1,1156186,FBHS
FBHS,2013-05-21,43.42,43.63,42.79,43.31,1022143,FBHS
FBHS,2013-05-22,42.94,43.88,42.8,43.34,2165934,FBHS
FBHS,2013-05-23,42.69,42.99,41.762,42.16,1065059,FBHS
FBHS,2013-05-24,42.76,42.86,41.94,42.43,938094,FBHS
FBHS,2013-05-27,42.76,42.76,42.76,42.76,0,FBHS
FBHS,2013-05-28,43.26,44.04,42.75,43.58,985257,FBHS
FBHS,2013-05-29,42.19,42.79,41.65,42.73,1481897,FBHS
FBHS,2013-05-30,42.62,42.87,42.19,42.5,561162,FBHS
FBHS,2013-05-31,42.28,43.0,42.12,42.34,685205,FBHS
FBHS,2013-06-03,41.73,42.46,40.64,42.25,1183499,FBHS
FBHS,2013-06-04,40.37,42.29,40.21,41.74,1519901,FBHS
FBHS,2013-06-05,38.92,40.38,38.8501,40.38,2234517,FBHS
FBHS,2013-06-06,38.98,39.05,38.25,38.81,3196448,FBHS
FBHS,2013-06-07,40.06,40.175,38.78,39.4,2021404,FBHS
FBHS,2013-06-10,39.03,40.3,38.448,40.3,2259080,FBHS
FBHS,2013-06-11,38.62,39.35,38.11,38.27,881733,FBHS
FBHS,2013-06-12,38.4,39.24,38.3,39.1,939076,FBHS
FBHS,2013-06-13,39.5,39.67,38.4,38.4,641460,FBHS
FBHS,2013-06-14,40.1,40.165,39.23,39.44,1015292,FBHS
FBHS,2013-06-17,41.27,41.48,40.5,40.57,1379084,FBHS
FBHS,2013-06-18,41.91,41.98,40.94,41.22,936121,FBHS
FBHS,2013-06-19,41.4,42.2,41.31,41.74,1101121,FBHS
FBHS,2013-06-20,38.67,40.85,38.23,40.76,1845660,FBHS
FBHS,2013-06-21,37.82,38.97,36.09,38.87,4787280,FBHS
FBHS,2013-06-24,36.9,37.06,35.87,37.06,2301767,FBHS
FBHS,2013-06-25,38.02,39.24,37.715,37.78,1459616,FBHS
FBHS,2013-06-26,38.07,38.69,37.86,38.1,1057260,FBHS
FBHS,2013-06-27,38.97,39.059,38.15,38.45,1010610,FBHS
FBHS,2013-06-28,38.74,38.95,38.19,38.95,2400642,FBHS
FBHS,2013-07-01,39.27,39.91,38.83,38.83,1464201,FBHS
FBHS,2013-07-02,38.78,39.64,38.345,39.26,1840280,FBHS
FBHS,2013-07-03,39.25,39.69,38.47,38.47,1199028,FBHS
FBHS,2013-07-04,39.25,39.25,39.25,39.25,0,FBHS
FBHS,2013-07-05,39.56,39.63,38.63,39.57,815625,FBHS
FBHS,2013-07-08,39.27,40.23,39.14,39.65,1100928,FBHS
FBHS,2013-07-09,39.73,39.9,39.1,39.53,1477137,FBHS
FBHS,2013-07-10,39.82,39.94,39.13,39.89,802856,FBHS
FBHS,2013-07-11,41.91,42.16,40.542,40.6,1379773,FBHS
FBHS,2013-07-12,42.29,42.63,41.67,42.02,996037,FBHS
FBHS,2013-07-15,41.58,42.75,41.38,42.39,998683,FBHS
FBHS,2013-07-16,41.12,41.84,40.96,41.59,851355,FBHS
FBHS,2013-07-17,41.05,41.38,40.24,41.34,861980,FBHS
FBHS,2013-07-18,41.06,41.61,40.82,41.05,912001,FBHS
FBHS,2013-07-19,41.44,41.625,40.91,41.06,1110286,FBHS
FBHS,2013-07-22,42.41,42.43,41.81,41.84,1236159,FBHS
FBHS,2013-07-23,42.39,42.73,42.02,42.46,825427,FBHS
FBHS,2013-07-24,41.65,42.78,41.39,42.53,1018519,FBHS
FBHS,2013-07-25,41.41,41.65,37.92,37.92,3255053,FBHS
FBHS,2013-07-26,41.65,42.18,41.015,41.12,1125083,FBHS
FBHS,2013-07-29,40.96,41.97,40.86,41.49,897280,FBHS
FBHS,2013-07-30,41.1,41.79,40.88,41.38,661110,FBHS
FBHS,2013-07-31,41.31,41.76,40.71,41.27,946919,FBHS
FBHS,2013-08-01,41.88,42.15,41.58,41.74,1714750,FBHS
FBHS,2013-08-02,42.5,42.62,41.7,42.6,935524,FBHS
FBHS,2013-08-05,41.75,42.505,41.6,42.25,859470,FBHS
FBHS,2013-08-06,40.0,41.85,39.92,41.75,1401173,FBHS
FBHS,2013-08-07,38.8,40.06,38.69,39.93,1320298,FBHS
FBHS,2013-08-08,38.6,39.3,38.44,38.97,1093526,FBHS
FBHS,2013-08-09,38.25,38.61,37.6532,38.52,1063446,FBHS
FBHS,2013-08-12,37.9,38.5,37.79,38.09,881977,FBHS
FBHS,2013-08-13,37.3,37.99,36.91,37.93,2163733,FBHS
FBHS,2013-08-14,37.01,37.6,36.97,37.31,1414739,FBHS
FBHS,2013-08-15,37.85,37.94,35.8,36.3,2304051,FBHS
FBHS,2013-08-16,37.98,38.56,37.67,37.93,1487303,FBHS
FBHS,2013-08-19,37.47,38.21,37.41,37.83,1455957,FBHS
FBHS,2013-08-20,38.42,38.54,37.35,37.85,912451,FBHS
FBHS,2013-08-21,38.82,39.55,38.2,38.3,1515585,FBHS
FBHS,2013-08-22,38.75,39.37,38.61,39.0,503990,FBHS
FBHS,2013-08-23,37.89,38.74,37.6,38.74,1019825,FBHS
FBHS,2013-08-26,38.23,38.57,37.63,38.03,616026,FBHS
FBHS,2013-08-27,36.95,37.79,36.9,37.63,630100,FBHS
FBHS,2013-08-28,36.97,37.39,36.552,36.93,549364,FBHS
FBHS,2013-08-29,37.46,38.04,36.8,36.8,577681,FBHS
FBHS,2013-08-30,36.84,37.6,36.72,37.46,599706,FBHS
FBHS,2013-09-02,36.84,36.84,36.84,36.84,0,FBHS
FBHS,2013-09-03,36.79,37.79,36.36,37.31,1598809,FBHS
FBHS,2013-09-04,36.72,37.2,36.41,36.79,1535028,FBHS
FBHS,2013-09-05,37.09,37.34,36.49,36.69,1128153,FBHS
FBHS,2013-09-06,37.84,38.29,37.224,37.46,1601045,FBHS
FBHS,2013-09-09,39.81,39.94,37.8,38.11,1523469,FBHS
FBHS,2013-09-10,40.89,41.0,39.8413,40.0,1700504,FBHS
FBHS,2013-09-11,40.74,41.21,40.22,40.79,964112,FBHS
FBHS,2013-09-12,40.89,41.34,40.66,40.66,1134835,FBHS
FBHS,2013-09-13,40.83,41.1,40.48,40.86,784022,FBHS
FBHS,2013-09-16,41.4,41.93,41.2,41.69,916593,FBHS
FBHS,2013-09-17,41.62,41.7,41.19,41.31,784027,FBHS
FBHS,2013-09-18,43.23,43.29,41.1748,41.49,1050332,FBHS
FBHS,2013-09-19,42.15,43.69,42.12,43.16,873937,FBHS
FBHS,2013-09-20,41.2,43.13,41.175,42.71,1499823,FBHS
FBHS,2013-09-23,40.77,41.35,40.5,41.12,801849,FBHS
FBHS,2013-09-24,40.9,41.59,40.35,40.67,722443,FBHS
FBHS,2013-09-25,40.89,41.42,40.45,41.02,479932,FBHS
FBHS,2013-09-26,40.9,41.35,40.56,41.04,724216,FBHS
FBHS,2013-09-27,41.6,41.8,40.49,40.54,973636,FBHS
FBHS,2013-09-30,41.63,41.71,40.75,40.95,1197979,FBHS
FBHS,2013-10-01,42.65,42.79,41.6,41.6,2068118,FBHS
FBHS,2013-10-02,42.74,42.75,41.73,42.15,1135900,FBHS
FBHS,2013-10-03,42.46,42.73,41.72,42.51,1672126,FBHS
FBHS,2013-10-04,42.53,42.94,42.13,42.33,1105499,FBHS
FBHS,2013-10-07,41.28,42.035,41.27,41.86,1742008,FBHS
FBHS,2013-10-08,39.62,41.26,39.58,41.13,1718210,FBHS
FBHS,2013-10-09,39.25,39.91,38.76,39.91,1509703,FBHS
FBHS,2013-10-10,40.0,40.07,39.25,39.74,946264,FBHS
FBHS,2013-10-11,40.74,40.77,39.69,40.01,1112610,FBHS
FBHS,2013-10-14,40.04,40.55,39.61,40.34,1391499,FBHS
FBHS,2013-10-15,38.51,40.0,38.41,39.92,2272752,FBHS
FBHS,2013-10-16,38.25,38.7,37.75,38.65,2385103,FBHS
FBHS,2013-10-17,38.44,38.81,37.91,38.02,2158735,FBHS
FBHS,2013-10-18,39.03,39.07,38.495,38.78,1505181,FBHS
FBHS,2013-10-21,38.86,39.22,38.29,38.86,1532074,FBHS
FBHS,2013-10-22,40.73,40.825,39.1101,39.19,1634969,FBHS
FBHS,2013-10-23,40.35,40.85,40.17,40.36,1888253,FBHS
FBHS,2013-10-24,42.7,44.01,41.96,44.01,2869942,FBHS
FBHS,2013-10-25,43.41,43.41,42.3545,42.7,1300853,FBHS
FBHS,2013-10-28,43.06,43.73,42.625,43.25,1931785,FBHS
FBHS,2013-10-29,43.48,43.49,43.03,43.09,1111483,FBHS
FBHS,2013-10-30,43.5,43.73,43.16,43.49,1174763,FBHS
FBHS,2013-10-31,43.08,43.72,42.87,43.59,1187556,FBHS
FBHS,2013-11-01,42.49,43.33,41.92,43.07,1132112,FBHS
FBHS,2013-11-04,42.82,42.919,42.16,42.69,828234,FBHS
FBHS,2013-11-05,42.09,42.81,41.86,42.55,792985,FBHS
FBHS,2013-11-06,41.85,42.22,41.61,42.19,780734,FBHS
FBHS,2013-11-07,41.08,42.205,40.94,42.02,951567,FBHS
FBHS,2013-11-08,40.83,41.33,40.11,40.88,1103690,FBHS
FBHS,2013-11-11,40.6,41.14,40.32,40.84,708026,FBHS
FBHS,2013-11-12,40.58,40.75,40.36,40.54,1044055,FBHS
FBHS,2013-11-13,41.37,41.39,40.21,40.4,1298820,FBHS
FBHS,2013-11-14,42.28,42.33,41.17,41.38,1192460,FBHS
FBHS,2013-11-15,42.24,42.55,42.1,42.26,754128,FBHS
FBHS,2013-11-18,41.72,42.88,41.64,42.26,1261636,FBHS
FBHS,2013-11-19,41.89,42.515,41.72,41.86,677365,FBHS
FBHS,2013-11-20,41.88,43.1,41.74,41.8,1614628,FBHS
FBHS,2013-11-21,43.25,43.45,41.9,41.99,825996,FBHS
FBHS,2013-11-22,42.7,43.5,42.46,43.4,1018583,FBHS
FBHS,2013-11-25,42.69,42.92,42.13,42.76,679767,FBHS
FBHS,2013-11-26,43.75,43.91,42.43,42.55,1101423,FBHS
FBHS,2013-11-27,44.07,44.49,43.7,43.95,1433436,FBHS
FBHS,2013-11-28,44.07,44.07,44.07,44.07,0,FBHS
FBHS,2013-11-29,43.6,44.04,43.5,44.04,343611,FBHS
FBHS,2013-12-02,42.42,43.55,42.3,43.49,1066433,FBHS
FBHS,2013-12-03,42.15,42.57,41.655,42.41,752147,FBHS
FBHS,2013-12-04,41.75,41.95,40.93,41.65,948337,FBHS
FBHS,2013-12-05,41.79,41.86,41.4,41.74,624788,FBHS
FBHS,2013-12-06,42.34,42.9,41.68,42.52,949284,FBHS
FBHS,2013-12-09,42.65,43.0354,41.95,42.33,1034459,FBHS
FBHS,2013-12-10,42.94,43.68,42.43,42.43,1146083,FBHS
FBHS,2013-12-11,42.37,43.09,42.3,43.02,979831,FBHS
FBHS,2013-12-12,42.46,42.58,42.18,42.3,656901,FBHS
FBHS,2013-12-13,42.51,42.86,42.09,42.54,779152,FBHS
FBHS,2013-12-16,42.7,43.095,42.59,42.72,587876,FBHS
FBHS,2013-12-17,42.1,42.69,41.79,42.51,887052,FBHS
FBHS,2013-12-18,43.51,43.52,41.93,42.28,1188686,FBHS
FBHS,2013-12-19,43.27,43.66,43.035,43.51,628955,FBHS
FBHS,2013-12-20,44.06,44.1,43.27,43.39,1600003,FBHS
FBHS,2013-12-23,44.99,45.02,44.03,44.25,920538,FBHS
FBHS,2013-12-24,45.26,45.44,44.82,44.9,481461,FBHS
FBHS,2013-12-25,45.26,45.26,45.26,45.26,0,FBHS
FBHS,2013-12-26,45.23,45.53,44.93,45.3,552071,FBHS
FBHS,2013-12-27,44.91,45.55,44.7,45.35,391866,FBHS
FBHS,2013-12-30,45.53,45.595,44.9,44.9,603990,FBHS
FBHS,2013-12-31,45.7,46.08,45.56,45.78,598455,FBHS
FBHS,2014-01-01,45.7,45.7,45.7,45.7,0,FBHS
FBHS,2014-01-02,45.43,46.04,45.2,45.5,1024929,FBHS
FBHS,2014-01-03,45.58,45.89,45.24,45.59,774229,FBHS
FBHS,2014-01-06,44.95,45.81,44.735,45.46,813099,FBHS
FBHS,2014-01-07,45.34,45.85,44.76,45.09,682270,FBHS
FBHS,2014-01-08,45.55,46.1,44.95,45.17,682129,FBHS
FBHS,2014-01-09,45.85,45.91,45.16,45.6,491024,FBHS
FBHS,2014-01-10,46.79,46.85,45.89,45.89,686347,FBHS
FBHS,2014-01-13,46.34,46.8,46.25,46.52,2051114,FBHS
FBHS,2014-01-14,47.65,47.66,46.28,46.36,1239535,FBHS
FBHS,2014-01-15,47.83,47.92,47.29,47.67,1190123,FBHS
FBHS,2014-01-16,47.14,47.85,46.92,47.55,1931704,FBHS
FBHS,2014-01-17,46.56,47.27,46.32,47.22,2455397,FBHS
FBHS,2014-01-20,46.56,46.56,46.56,46.56,0,FBHS
FBHS,2014-01-21,47.15,47.17,46.2,46.88,1083357,FBHS
FBHS,2014-01-22,47.75,47.79,46.88,47.2,1181039,FBHS
FBHS,2014-01-23,47.59,47.65,46.89,47.51,1261530,FBHS
FBHS,2014-01-24,45.64,47.3072,45.435,47.21,1465558,FBHS
FBHS,2014-01-27,45.33,46.01,44.72,45.69,1770133,FBHS
FBHS,2014-01-28,46.39,46.4,45.39,45.39,1107219,FBHS
FBHS,2014-01-29,45.65,46.51,45.55,45.93,1552280,FBHS
FBHS,2014-01-30,43.21,43.74,41.53,43.28,4031729,FBHS
FBHS,2014-01-31,45.06,45.47,42.832,43.62,2350157,FBHS
FBHS,2014-02-03,42.45,45.17,42.22,44.7,2420083,FBHS
FBHS,2014-02-04,43.13,43.58,42.28,42.62,2089767,FBHS
FBHS,2014-02-05,43.36,43.57,42.38,42.95,1532044,FBHS
FBHS,2014-02-06,44.43,44.51,43.39,43.44,1285294,FBHS
FBHS,2014-02-07,44.98,45.38,44.43,44.81,1746843,FBHS
FBHS,2014-02-10,44.06,45.02,44.04,44.97,1092384,FBHS
FBHS,2014-02-11,44.82,45.08,44.26,44.26,969251,FBHS
FBHS,2014-02-12,45.52,45.56,44.77,44.98,1556852,FBHS
FBHS,2014-02-13,45.16,45.49,45.06,45.08,990730,FBHS
FBHS,2014-02-14,45.88,45.89,45.01,45.01,1000380,FBHS
FBHS,2014-02-17,45.88,45.88,45.88,45.88,0,FBHS
FBHS,2014-02-18,45.85,46.42,45.37,45.92,1220825,FBHS
FBHS,2014-02-19,45.61,46.01,45.55,45.55,1650189,FBHS
FBHS,2014-02-20,45.53,45.9399,45.4,45.57,1233384,FBHS
FBHS,2014-02-21,44.98,45.64,44.91,45.54,924076,FBHS
FBHS,2014-02-24,44.73,45.52,44.73,44.97,859576,FBHS
FBHS,2014-02-25,44.81,45.08,44.643,44.73,1216321,FBHS
FBHS,2014-02-26,46.53,46.675,44.66,45.51,1545900,FBHS
FBHS,2014-02-27,47.08,47.17,45.8,45.8,1498195,FBHS
FBHS,2014-02-28,46.74,47.45,46.44,47.15,1451711,FBHS
FBHS,2014-03-03,45.97,46.225,45.3,46.02,953384,FBHS
FBHS,2014-03-04,46.84,46.875,46.17,46.51,922956,FBHS
FBHS,2014-03-05,46.83,47.38,46.71,46.93,696846,FBHS
FBHS,2014-03-06,47.01,47.28,46.79,46.88,658529,FBHS
FBHS,2014-03-07,46.58,47.49,46.49,47.25,1077935,FBHS
FBHS,2014-03-10,45.67,46.43,45.635,46.31,831437,FBHS
FBHS,2014-03-11,45.17,46.2,45.1,45.76,950223,FBHS
FBHS,2014-03-12,44.69,45.03,44.29,44.82,1470932,FBHS
FBHS,2014-03-13,42.75,44.97,42.65,44.86,1728881,FBHS
FBHS,2014-03-14,43.28,43.38,42.6,42.83,1397938,FBHS
FBHS,2014-03-17,43.73,44.14,43.365,43.54,727125,FBHS
FBHS,2014-03-18,44.27,44.5,43.64,43.82,857017,FBHS
FBHS,2014-03-19,44.16,45.27,43.97,44.43,1066503,FBHS
FBHS,2014-03-20,43.16,44.28,43.01,44.07,1007233,FBHS
FBHS,2014-03-21,42.33,43.74,42.29,43.32,4617615,FBHS
FBHS,2014-03-24,41.0,42.91,40.85,42.49,2615638,FBHS
FBHS,2014-03-25,42.06,42.36,41.07,41.11,3209242,FBHS
FBHS,2014-03-26,40.77,42.41,40.71,42.28,1956062,FBHS
FBHS,2014-03-27,40.2,40.93,39.83,40.74,2157034,FBHS
FBHS,2014-03-28,41.79,41.96,40.105,40.3,2091031,FBHS
FBHS,2014-03-31,42.08,42.4,41.34,41.97,1446500,FBHS
FBHS,2014-04-01,42.53,42.93,42.05,42.19,1734722,FBHS
FBHS,2014-04-02,42.48,42.81,42.21,42.49,1433808,FBHS
FBHS,2014-04-03,42.08,42.785,42.025,42.48,1594420,FBHS
FBHS,2014-04-04,42.09,43.51,41.72,42.47,1690892,FBHS
FBHS,2014-04-07,40.62,42.25,40.35,41.94,1410672,FBHS
FBHS,2014-04-08,41.07,41.16,40.09,40.57,1463428,FBHS
FBHS,2014-04-09,42.0,42.32,41.16,41.89,1510457,FBHS
FBHS,2014-04-10,40.94,42.0,40.58,41.87,1399879,FBHS
FBHS,2014-04-11,40.45,41.07,40.2252,40.5,929354,FBHS
FBHS,2014-04-14,40.29,40.83,39.97,40.77,1055883,FBHS
FBHS,2014-04-15,40.25,40.8,39.63,40.42,1443881,FBHS
FBHS,2014-04-16,40.86,41.32,40.5501,40.57,1194450,FBHS
FBHS,2014-04-17,40.44,41.18,40.41,40.85,932510,FBHS
FBHS,2014-04-18,40.44,40.44,40.44,40.44,0,FBHS
FBHS,2014-04-21,40.77,40.91,40.12,40.53,1028218,FBHS
FBHS,2014-04-22,41.4,41.9,40.83,40.85,1171421,FBHS
FBHS,2014-04-23,41.29,41.58,40.9,41.36,1066370,FBHS
FBHS,2014-04-24,42.0,42.01,41.02,41.47,1348336,FBHS
FBHS,2014-04-25,40.34,41.54,39.76,41.52,2285034,FBHS
FBHS,2014-04-28,39.46,40.85,38.72,40.46,3267051,FBHS
FBHS,2014-04-29,40.11,40.24,39.15,39.61,1282723,FBHS
FBHS,2014-04-30,39.85,40.12,39.362,40.0,1797942,FBHS
FBHS,2014-05-01,39.56,42.14,38.57,42.14,4122563,FBHS
FBHS,2014-05-02,40.82,41.1,39.5,39.5,2618433,FBHS
FBHS,2014-05-05,40.3,40.51,39.84,40.41,1357603,FBHS
FBHS,2014-05-06,39.26,40.25,39.17,40.25,1310522,FBHS
FBHS,2014-05-07,38.96,39.41,38.54,39.23,2011339,FBHS
FBHS,2014-05-08,38.99,39.54,38.69,38.79,1766412,FBHS
FBHS,2014-05-09,39.54,39.58,38.767,39.08,1880906,FBHS
FBHS,2014-05-12,40.47,40.82,39.68,39.92,1266125,FBHS
FBHS,2014-05-13,39.89,40.74,39.86,40.47,858528,FBHS
FBHS,2014-05-14,38.74,39.87,38.65,39.81,1210516,FBHS
FBHS,2014-05-15,37.85,38.76,37.28,38.67,2510679,FBHS
FBHS,2014-05-16,38.34,38.41,37.87,38.02,2245558,FBHS
FBHS,2014-05-19,38.96,39.7,38.18,38.43,1839709,FBHS
FBHS,2014-05-20,38.74,39.2,38.71,38.78,1768102,FBHS
FBHS,2014-05-21,39.01,39.56,38.79,38.84,1108879,FBHS
FBHS,2014-05-22,39.89,40.25,38.95,39.17,1424576,FBHS
FBHS,2014-05-23,40.38,40.565,39.7401,39.78,1193168,FBHS
FBHS,2014-05-26,40.38,40.38,40.38,40.38,0,FBHS
FBHS,2014-05-27,40.69,40.82,40.32,40.53,1183959,FBHS
FBHS,2014-05-28,39.91,40.66,39.86,40.45,1572611,FBHS
FBHS,2014-05-29,40.11,40.43,39.75,39.97,901009,FBHS
FBHS,2014-05-30,39.98,40.18,39.63,39.99,1278680,FBHS
FBHS,2014-06-02,40.0,40.33,39.65,39.97,1096396,FBHS
FBHS,2014-06-03,39.97,40.51,39.75,40.1,1118334,FBHS
FBHS,2014-06-04,39.67,40.18,39.64,39.9,1547720,FBHS
FBHS,2014-06-05,39.94,40.46,39.3901,39.88,2826612,FBHS
FBHS,2014-06-06,40.32,40.42,39.92,40.02,1637686,FBHS
FBHS,2014-06-09,40.75,41.15,40.16,40.25,1301863,FBHS
FBHS,2014-06-10,40.64,40.875,40.28,40.69,1221013,FBHS
FBHS,2014-06-11,40.53,40.54,39.93,40.48,1620827,FBHS
FBHS,2014-06-12,40.21,40.63,39.945,40.52,2156051,FBHS
FBHS,2014-06-13,39.8,40.36,39.69,40.32,1152445,FBHS
FBHS,2014-06-16,39.64,40.07,39.41,39.65,1035522,FBHS
FBHS,2014-06-17,39.24,39.63,38.95,39.46,1795740,FBHS
FBHS,2014-06-18,39.55,39.59,38.69,39.22,2234538,FBHS
FBHS,2014-06-19,40.53,40.54,39.35,39.6,2491374,FBHS
FBHS,2014-06-20,39.51,40.31,38.83,40.26,4746002,FBHS
FBHS,2014-06-23,39.3,39.97,39.255,39.56,1120641,FBHS
FBHS,2014-06-24,39.39,40.03,39.06,39.28,1167833,FBHS
FBHS,2014-06-25,39.68,39.81,39.25,39.25,836408,FBHS
FBHS,2014-06-26,39.09,39.74,38.88,39.43,1007157,FBHS
FBHS,2014-06-27,39.55,39.62,38.89,38.99,2593655,FBHS
FBHS,2014-06-30,39.93,39.95,39.17,39.42,1326519,FBHS
FBHS,2014-07-01,40.4,40.96,39.98,40.01,1632064,FBHS
FBHS,2014-07-02,40.0,40.57,39.89,40.23,1305915,FBHS
FBHS,2014-07-03,40.85,40.85,39.96,40.11,942496,FBHS
FBHS,2014-07-04,40.85,40.85,40.85,40.85,0,FBHS
FBHS,2014-07-07,39.87,40.7,39.82,40.63,1761044,FBHS
FBHS,2014-07-08,39.24,39.835,39.17,39.73,1430849,FBHS
FBHS,2014-07-09,39.16,39.89,39.09,39.33,1285698,FBHS
FBHS,2014-07-10,38.02,38.3,36.92,38.19,3240056,FBHS
FBHS,2014-07-11,37.51,38.29,37.49,37.88,2387882,FBHS
FBHS,2014-07-14,37.95,38.1,37.58,37.58,1989326,FBHS
FBHS,2014-07-15,37.44,37.94,37.24,37.64,1238205,FBHS
FBHS,2014-07-16,37.56,37.82,37.26,37.72,1554336,FBHS
FBHS,2014-07-17,37.57,37.63,36.963,37.19,2607489,FBHS
FBHS,2014-07-18,38.01,38.01,37.38,37.61,1998421,FBHS
FBHS,2014-07-21,38.17,38.24,37.59,37.73,1653344,FBHS
FBHS,2014-07-22,39.09,39.35,38.25,38.31,2826237,FBHS
FBHS,2014-07-23,39.0,39.535,38.55,38.95,1951227,FBHS
FBHS,2014-07-24,38.64,39.33,38.5,38.94,2137818,FBHS
FBHS,2014-07-25,38.19,38.55,38.03,38.29,1318860,FBHS
FBHS,2014-07-28,36.77,37.84,36.65,37.66,2539030,FBHS
FBHS,2014-07-29,37.2,37.71,37.19,37.24,4316952,FBHS
FBHS,2014-07-30,37.24,37.55,36.98,37.33,2723343,FBHS
FBHS,2014-07-31,37.79,38.65,36.77,37.21,4309071,FBHS
FBHS,2014-08-01,37.82,38.2,37.14,37.72,2550148,FBHS
FBHS,2014-08-04,38.45,38.58,37.85,37.86,2410521,FBHS
FBHS,2014-08-05,39.26,39.55,38.19,38.19,3030388,FBHS
FBHS,2014-08-06,39.66,40.11,38.85,38.89,2110813,FBHS
FBHS,2014-08-07,39.84,40.09,39.46,39.89,2280772,FBHS
FBHS,2014-08-08,41.1,41.25,39.81,39.94,2438367,FBHS
FBHS,2014-08-11,41.34,41.5,41.03,41.37,1707830,FBHS
FBHS,2014-08-12,40.97,41.29,40.62,41.15,1434319,FBHS
FBHS,2014-08-13,41.08,41.36,40.83,41.0,1545347,FBHS
FBHS,2014-08-14,41.75,41.76,40.97,41.17,1420044,FBHS
FBHS,2014-08-15,41.74,41.99,41.19,41.86,1519874,FBHS
FBHS,2014-08-18,42.71,43.11,42.0,42.0,1920518,FBHS
FBHS,2014-08-19,42.82,43.6,42.77,43.01,1433377,FBHS
FBHS,2014-08-20,43.24,43.33,42.61,42.98,1231020,FBHS
FBHS,2014-08-21,43.21,43.34,42.588,43.18,834087,FBHS
FBHS,2014-08-22,43.27,43.43,42.91,43.07,636423,FBHS
FBHS,2014-08-25,43.29,43.85,43.13,43.425,1068453,FBHS
FBHS,2014-08-26,43.52,43.72,43.18,43.41,542109,FBHS
FBHS,2014-08-27,43.2,43.59,43.02,43.52,688264,FBHS
FBHS,2014-08-28,43.04,43.24,42.5,42.89,1038631,FBHS
FBHS,2014-08-29,43.21,43.41,42.88,43.04,586382,FBHS
FBHS,2014-09-01,43.21,43.21,43.21,43.21,0,FBHS
FBHS,2014-09-02,43.63,43.74,43.115,43.31,1338947,FBHS
FBHS,2014-09-03,43.45,43.78,43.255,43.71,1195243,FBHS
FBHS,2014-09-04,43.83,44.24,43.3,43.39,1401079,FBHS
FBHS,2014-09-05,43.96,44.05,43.39,43.74,883107,FBHS
FBHS,2014-09-08,44.02,44.11,43.58,43.71,929393,FBHS
FBHS,2014-09-09,43.6,43.98,43.325,43.92,793916,FBHS
FBHS,2014-09-10,43.63,43.76,43.28,43.6,946290,FBHS
FBHS,2014-09-11,43.84,44.02,43.31,43.46,1148842,FBHS
FBHS,2014-09-12,43.13,43.91,42.7,43.74,1493500,FBHS
FBHS,2014-09-15,42.83,43.18,42.67,43.12,790814,FBHS
FBHS,2014-09-16,42.85,43.03,42.515,42.69,1307495,FBHS
FBHS,2014-09-17,43.51,43.77,42.92,43.04,1073988,FBHS
FBHS,2014-09-18,42.9,43.605,42.87,43.53,794510,FBHS
FBHS,2014-09-19,42.62,43.05,41.98,43.03,3308328,FBHS
FBHS,2014-09-22,41.84,42.61,41.65,42.61,1094354,FBHS
FBHS,2014-09-23,41.78,42.09,41.26,41.59,1084506,FBHS
FBHS,2014-09-24,41.86,42.03,41.54,41.77,833456,FBHS
FBHS,2014-09-25,40.99,41.83,40.99,41.71,1076061,FBHS
FBHS,2014-09-26,41.64,41.7,40.98,40.98,849547,FBHS
FBHS,2014-09-29,41.03,41.32,40.9,41.11,808561,FBHS
FBHS,2014-09-30,41.11,41.8,40.71,41.27,1604728,FBHS
FBHS,2014-10-01,40.26,41.35,40.06,41.34,1695445,FBHS
FBHS,2014-10-02,40.55,40.74,39.77,40.19,1024815,FBHS
FBHS,2014-10-03,40.74,41.1,40.63,40.84,1071442,FBHS
FBHS,2014-10-06,40.66,41.15,40.49,41.01,963555,FBHS
FBHS,2014-10-07,39.87,40.399,39.835,40.33,1015246,FBHS
FBHS,2014-10-08,40.3,40.34,39.27,39.95,1417424,FBHS
FBHS,2014-10-09,39.41,40.39,39.39,40.14,1250885,FBHS
FBHS,2014-10-10,38.5,39.63,38.5,39.16,1301734,FBHS
FBHS,2014-10-13,37.74,38.91,37.7,38.6,1316828,FBHS
FBHS,2014-10-14,37.76,38.45,37.0003,37.87,2010101,FBHS
FBHS,2014-10-15,38.22,38.63,36.54,37.03,2180694,FBHS
FBHS,2014-10-16,38.94,39.3,37.34,37.47,1434861,FBHS
FBHS,2014-10-17,40.17,40.26,39.025,39.37,1440786,FBHS
FBHS,2014-10-20,40.13,40.47,39.88,40.01,1238355,FBHS
FBHS,2014-10-21,41.01,41.18,40.31,40.34,842910,FBHS
FBHS,2014-10-22,40.79,41.52,40.78,40.95,734757,FBHS
FBHS,2014-10-23,41.56,41.89,41.12,41.27,1022770,FBHS
FBHS,2014-10-24,41.85,41.97,41.18,41.66,720375,FBHS
FBHS,2014-10-27,41.99,42.04,41.37,41.75,585629,FBHS
FBHS,2014-10-28,42.56,42.62,41.83,42.11,964594,FBHS
FBHS,2014-10-29,42.34,42.91,41.77,42.46,1683790,FBHS
FBHS,2014-10-30,41.89,42.195,39.49,40.33,3965872,FBHS
FBHS,2014-10-31,43.25,43.35,42.35,42.64,1973735,FBHS
FBHS,2014-11-03,43.27,43.76,43.01,43.27,1372664,FBHS
FBHS,2014-11-04,42.44,43.1,42.02,42.96,931067,FBHS
FBHS,2014-11-05,41.94,42.9,41.84,42.9,1106460,FBHS
FBHS,2014-11-06,42.63,42.64,41.77,42.06,966276,FBHS
FBHS,2014-11-07,42.8,42.82,42.34,42.71,735444,FBHS
FBHS,2014-11-10,42.63,43.29,42.53,42.97,719759,FBHS
FBHS,2014-11-11,42.91,42.98,42.55,42.57,461852,FBHS
FBHS,2014-11-12,42.81,42.93,42.48,42.63,733211,FBHS
FBHS,2014-11-13,42.53,42.99,42.225,42.94,489451,FBHS
FBHS,2014-11-14,42.77,42.9,42.28,42.53,742085,FBHS
FBHS,2014-11-17,42.09,42.57,41.97,42.57,595627,FBHS
FBHS,2014-11-18,42.96,43.2,42.01,42.2,886669,FBHS
FBHS,2014-11-19,42.84,43.14,42.6,42.85,792661,FBHS
FBHS,2014-11-20,43.84,43.86,42.53,42.53,754087,FBHS
FBHS,2014-11-21,44.62,44.82,44.03,44.09,1585944,FBHS
FBHS,2014-11-24,45.77,45.82,44.795,44.83,1511876,FBHS
FBHS,2014-11-25,45.13,45.99,44.85,45.64,982519,FBHS
FBHS,2014-11-26,45.03,45.22,44.91,45.11,458154,FBHS
FBHS,2014-11-27,45.03,45.03,45.03,45.03,0,FBHS
FBHS,2014-11-28,44.92,45.25,44.64,44.92,357592,FBHS
FBHS,2014-12-01,44.4,44.98,44.15,44.79,839764,FBHS
FBHS,2014-12-02,45.09,45.365,44.32,44.5,1051498,FBHS
FBHS,2014-12-03,45.61,45.67,45.0,45.26,575705,FBHS
FBHS,2014-12-04,45.64,45.67,45.28,45.48,477444,FBHS
FBHS,2014-12-05,45.59,46.0,45.45,45.66,455449,FBHS
FBHS,2014-12-08,45.07,45.78,44.88,45.4,518373,FBHS
FBHS,2014-12-09,45.85,45.96,44.53,44.65,535184,FBHS
FBHS,2014-12-10,44.3,45.8,44.29,45.8,702045,FBHS
FBHS,2014-12-11,44.59,45.51,44.41,44.59,704658,FBHS
FBHS,2014-12-12,44.0,44.65,43.84,44.29,578158,FBHS
FBHS,2014-12-15,43.57,44.58,43.15,44.46,712033,FBHS
FBHS,2014-12-16,43.86,44.25,42.98,43.4,1717298,FBHS
FBHS,2014-12-17,45.02,45.17,43.54,44.0,915901,FBHS
FBHS,2014-12-18,45.54,45.72,44.82,45.62,754729,FBHS
FBHS,2014-12-19,45.08,45.68,44.92,45.62,1839184,FBHS
FBHS,2014-12-22,45.08,45.22,44.67,45.22,574038,FBHS
FBHS,2014-12-23,44.72,45.525,44.72,45.08,834522,FBHS
FBHS,2014-12-24,44.64,44.83,44.62,44.71,546073,FBHS
FBHS,2014-12-25,44.64,44.64,44.64,44.64,0,FBHS
FBHS,2014-12-26,44.78,45.07,44.68,44.83,725452,FBHS
FBHS,2014-12-29,45.24,45.45,44.6,44.65,1139650,FBHS
FBHS,2014-12-30,45.05,45.41,44.73,45.13,937152,FBHS
FBHS,2014-12-31,45.27,45.95,44.98,45.26,1073429,FBHS
FBHS,2015-01-01,45.27,45.27,45.27,45.27,0,FBHS
FBHS,2015-01-02,44.79,45.94,44.2,45.62,748006,FBHS
FBHS,2015-01-05,44.19,44.69,43.9,44.46,822979,FBHS
FBHS,2015-01-06,43.19,44.53,42.75,44.39,1337884,FBHS
FBHS,2015-01-07,43.81,44.02,43.23,43.49,882755,FBHS
FBHS,2015-01-08,45.23,45.25,44.03,44.26,1074570,FBHS
FBHS,2015-01-09,45.78,46.37,45.15,45.35,1305138,FBHS
FBHS,2015-01-12,45.84,46.14,45.36,45.76,1351405,FBHS
FBHS,2015-01-13,45.54,47.52,44.71,46.41,2900059,FBHS
FBHS,2015-01-14,45.66,46.15,45.14,45.14,1393422,FBHS
FBHS,2015-01-15,43.69,46.08,43.64,45.99,999324,FBHS
FBHS,2015-01-16,44.91,44.97,43.01,43.55,910048,FBHS
FBHS,2015-01-19,44.91,44.91,44.91,44.91,0,FBHS
FBHS,2015-01-20,44.23,45.23,43.65,45.04,680650,FBHS
FBHS,2015-01-21,44.34,45.08,43.98,44.18,1108407,FBHS
FBHS,2015-01-22,44.84,45.05,43.88,44.6,1027331,FBHS
FBHS,2015-01-23,44.85,45.19,44.4,44.77,441156,FBHS
FBHS,2015-01-26,45.45,45.81,44.75,44.85,853898,FBHS
FBHS,2015-01-27,45.34,45.435,44.52,44.85,683635,FBHS
FBHS,2015-01-28,45.2,46.11,45.05,45.76,924229,FBHS
FBHS,2015-01-29,45.38,45.8399,44.86,45.03,1145065,FBHS
FBHS,2015-01-30,44.79,45.52,44.7,45.21,1358297,FBHS
FBHS,2015-02-02,45.88,45.94,44.4,45.05,1581918,FBHS
FBHS,2015-02-03,47.14,47.37,45.9,46.23,2077598,FBHS
FBHS,2015-02-04,47.23,47.94,46.26,46.72,2585282,FBHS
FBHS,2015-02-05,43.93,45.71,43.07,45.0,5975131,FBHS
FBHS,2015-02-06,43.3,44.01,43.11,43.63,2360896,FBHS
FBHS,2015-02-09,43.04,43.73,42.98,43.27,2095346,FBHS
FBHS,2015-02-10,44.3,44.61,42.8,43.28,2406153,FBHS
FBHS,2015-02-11,44.47,44.51,43.81,44.29,1769443,FBHS
FBHS,2015-02-12,45.56,45.6,44.3801,44.45,2417663,FBHS
FBHS,2015-02-13,46.58,46.81,45.52,45.68,3086956,FBHS
FBHS,2015-02-16,46.58,46.58,46.58,46.58,0,FBHS
FBHS,2015-02-17,46.99,47.43,46.08,46.39,1982178,FBHS
FBHS,2015-02-18,47.1,47.15,46.68,46.83,1095403,FBHS
FBHS,2015-02-19,47.78,47.9,46.9,46.93,1590234,FBHS
FBHS,2015-02-20,48.0,48.1,47.5,47.85,1131967,FBHS
FBHS,2015-02-23,47.87,48.03,47.39,47.78,992821,FBHS
FBHS,2015-02-24,47.95,48.165,47.59,48.02,1320338,FBHS
FBHS,2015-02-25,47.58,47.93,47.42,47.87,1142040,FBHS
FBHS,2015-02-26,46.9,47.54,46.59,47.34,1506973,FBHS
FBHS,2015-02-27,46.32,47.18,46.29,46.97,1141032,FBHS
FBHS,2015-03-02,47.26,47.31,46.51,46.61,784059,FBHS
FBHS,2015-03-03,46.53,47.1599,46.24,47.07,816934,FBHS
FBHS,2015-03-04,46.37,46.41,45.74,46.39,666340,FBHS
FBHS,2015-03-05,46.3,46.4,45.97,46.37,651383,FBHS
FBHS,2015-03-06,44.96,46.03,44.83,45.8,959578,FBHS
FBHS,2015-03-09,45.33,45.6,44.79,45.1,1192363,FBHS
FBHS,2015-03-10,45.01,45.18,44.77,44.98,1120156,FBHS
FBHS,2015-03-11,45.38,45.585,44.7275,44.98,679259,FBHS
FBHS,2015-03-12,45.41,46.06,45.27,45.72,777227,FBHS
FBHS,2015-03-13,44.89,45.4,44.752,45.18,1404259,FBHS
FBHS,2015-03-16,45.09,45.41,44.99,45.0,1045160,FBHS
FBHS,2015-03-17,44.22,45.0,44.2,44.77,1758301,FBHS
FBHS,2015-03-18,44.97,45.35,43.69,44.12,1421407,FBHS
FBHS,2015-03-19,45.08,45.73,44.8001,44.89,977938,FBHS
FBHS,2015-03-20,46.16,46.23,45.32,45.32,1907596,FBHS
FBHS,2015-03-23,45.88,46.7393,45.55,46.67,1345764,FBHS
FBHS,2015-03-24,46.16,46.31,45.51,45.93,1229959,FBHS
FBHS,2015-03-25,44.95,46.3,44.89,46.22,1157865,FBHS
FBHS,2015-03-26,44.35,44.82,44.16,44.79,798106,FBHS
FBHS,2015-03-27,44.29,44.48,44.1,44.27,1050055,FBHS
FBHS,2015-03-30,47.01,47.54,45.17,46.08,1999698,FBHS
FBHS,2015-03-31,47.48,47.6,46.72,46.92,1346853,FBHS
FBHS,2015-04-01,46.7,47.775,46.37,47.56,1327922,FBHS
FBHS,2015-04-02,46.88,47.42,46.29,46.37,1068236,FBHS
FBHS,2015-04-03,46.88,46.88,46.88,46.88,0,FBHS
FBHS,2015-04-06,46.79,46.897,46.18,46.23,1076551,FBHS
FBHS,2015-04-07,46.28,47.05,46.26,46.56,668953,FBHS
FBHS,2015-04-08,46.38,46.55,46.08,46.27,1009474,FBHS
FBHS,2015-04-09,45.99,46.6,45.47,46.22,1582951,FBHS
FBHS,2015-04-10,46.14,46.24,45.75,45.99,960040,FBHS
FBHS,2015-04-13,45.92,46.31,45.73,45.99,614398,FBHS
FBHS,2015-04-14,46.11,46.16,45.11,45.99,819993,FBHS
FBHS,2015-04-15,45.89,46.39,45.85,46.23,953093,FBHS
FBHS,2015-04-16,45.13,45.68,44.86,45.68,940758,FBHS
FBHS,2015-04-17,44.86,44.95,44.28,44.74,900709,FBHS
FBHS,2015-04-20,45.7,46.02,44.96,45.17,1342542,FBHS
FBHS,2015-04-21,46.25,46.44,45.63,45.87,1101560,FBHS
FBHS,2015-04-22,46.63,46.97,45.99,46.34,1218317,FBHS
FBHS,2015-04-23,46.41,46.44,45.92,46.26,1659090,FBHS
FBHS,2015-04-24,46.76,46.83,46.08,46.5,863086,FBHS
FBHS,2015-04-27,45.62,46.87,45.51,46.87,1837969,FBHS
FBHS,2015-04-28,45.76,45.79,44.98,45.45,2067326,FBHS
FBHS,2015-04-29,45.85,46.24,45.15,45.52,1489982,FBHS
FBHS,2015-04-30,44.6,46.11,44.43,45.57,2713133,FBHS
FBHS,2015-05-01,44.46,45.76,43.9,44.38,3661358,FBHS
FBHS,2015-05-04,44.75,45.07,44.38,44.61,2504500,FBHS
FBHS,2015-05-05,44.63,45.04,44.56,44.58,1719487,FBHS
FBHS,2015-05-06,44.07,44.865,43.79,44.7,1960419,FBHS
FBHS,2015-05-07,44.5,44.63,43.82,43.84,769934,FBHS
FBHS,2015-05-08,44.59,45.71,44.53,45.3,1041087,FBHS
FBHS,2015-05-11,44.51,44.86,44.41,44.6,1064571,FBHS
FBHS,2015-05-12,44.08,44.56,43.84,44.32,1069112,FBHS
FBHS,2015-05-13,44.93,45.44,44.3,44.32,2188808,FBHS
FBHS,2015-05-14,45.23,45.44,44.9,45.35,1172784,FBHS
FBHS,2015-05-15,45.22,45.42,45.074,45.2,1082620,FBHS
FBHS,2015-05-18,45.32,45.46,45.01,45.16,1201167,FBHS
FBHS,2015-05-19,46.09,46.46,45.62,45.72,1632545,FBHS
FBHS,2015-05-20,45.94,46.49,45.82,46.24,1443928,FBHS
FBHS,2015-05-21,46.11,46.26,45.67,45.89,1839080,FBHS
FBHS,2015-05-22,46.16,46.33,46.08,46.15,1194515,FBHS
FBHS,2015-05-25,46.16,46.16,46.16,46.16,0,FBHS
FBHS,2015-05-26,46.41,46.55,45.95,45.97,2097842,FBHS
FBHS,2015-05-27,46.45,46.62,46.17,46.43,1403549,FBHS
FBHS,2015-05-28,46.56,46.67,46.18,46.4,1335207,FBHS
FBHS,2015-05-29,45.86,46.66,45.67,46.57,6369977,FBHS
FBHS,2015-06-01,46.15,46.46,45.4,45.94,1163598,FBHS
FBHS,2015-06-02,46.73,47.055,45.92,45.99,1585754,FBHS
FBHS,2015-06-03,46.38,46.59,46.09,46.59,1386852,FBHS
FBHS,2015-06-04,45.8,46.275,45.69,46.09,1203188,FBHS
FBHS,2015-06-05,46.2,46.3,45.1,45.45,961184,FBHS
FBHS,2015-06-08,45.9,46.34,45.83,46.06,1378003,FBHS
FBHS,2015-06-09,45.62,46.29,45.29,45.29,879058,FBHS
FBHS,2015-06-10,46.1,46.37,45.72,45.84,1091719,FBHS
FBHS,2015-06-11,46.24,46.57,46.07,46.16,1018767,FBHS
FBHS,2015-06-12,46.25,46.36,45.8801,46.18,660565,FBHS
FBHS,2015-06-15,45.68,45.98,45.49,45.98,1056340,FBHS
FBHS,2015-06-16,45.78,45.885,45.4,45.51,753391,FBHS
FBHS,2015-06-17,45.68,46.02,45.17,45.73,950526,FBHS
FBHS,2015-06-18,46.03,46.155,45.556,45.74,754022,FBHS
FBHS,2015-06-19,46.05,46.38,45.98,46.12,1286517,FBHS
FBHS,2015-06-22,46.75,46.75,46.13,46.32,1122398,FBHS
FBHS,2015-06-23,46.55,46.95,46.33,46.79,907820,FBHS
FBHS,2015-06-24,45.69,46.89,45.66,46.4,958435,FBHS
FBHS,2015-06-25,45.95,46.14,45.6,45.94,945445,FBHS
FBHS,2015-06-26,46.64,46.66,45.95,45.99,1345197,FBHS
FBHS,2015-06-29,45.27,46.45,45.23,46.25,718583,FBHS
FBHS,2015-06-30,45.82,46.1,45.385,45.5,1163781,FBHS
FBHS,2015-07-01,45.97,46.71,45.72,46.27,1420123,FBHS
FBHS,2015-07-02,46.02,46.14,45.69,46.0,904110,FBHS
FBHS,2015-07-03,46.02,46.02,46.02,46.02,0,FBHS
FBHS,2015-07-06,45.17,46.09,45.135,45.72,1372490,FBHS
FBHS,2015-07-07,45.49,45.57,44.73,45.26,1565512,FBHS
FBHS,2015-07-08,44.82,45.44,44.69,45.14,852723,FBHS
FBHS,2015-07-09,44.73,45.55,44.7,45.36,914926,FBHS
FBHS,2015-07-10,45.04,45.27,44.91,45.17,866682,FBHS
FBHS,2015-07-13,45.88,45.91,45.4,45.49,766903,FBHS
FBHS,2015-07-14,46.17,46.27,45.66,45.74,813437,FBHS
FBHS,2015-07-15,45.25,46.31,45.09,46.2,1222188,FBHS
FBHS,2015-07-16,44.83,45.62,44.7201,45.62,1345955,FBHS
FBHS,2015-07-17,44.29,44.93,43.915,44.81,1744665,FBHS
FBHS,2015-07-20,44.56,45.09,43.9,44.28,2267014,FBHS
FBHS,2015-07-21,44.12,44.92,43.9,44.49,2149722,FBHS
FBHS,2015-07-22,44.18,44.68,43.87,43.87,2308988,FBHS
FBHS,2015-07-23,47.07,47.99,45.1,45.35,6416261,FBHS
FBHS,2015-07-24,46.59,47.1,46.03,47.0,3112593,FBHS
FBHS,2015-07-27,45.65,46.4,45.57,46.25,1522804,FBHS
FBHS,2015-07-28,46.65,46.81,45.88,46.03,1296801,FBHS
FBHS,2015-07-29,47.67,47.88,46.43,46.75,1338224,FBHS
FBHS,2015-07-30,47.99,48.16,47.28,47.45,1005917,FBHS
FBHS,2015-07-31,47.75,48.5,47.61,48.41,1078166,FBHS
FBHS,2015-08-03,47.45,48.07,47.22,47.95,970092,FBHS
FBHS,2015-08-04,47.74,47.99,47.17,47.17,870278,FBHS
FBHS,2015-08-05,47.57,48.08,47.17,47.88,1406426,FBHS
FBHS,2015-08-06,47.37,48.24,47.26,47.58,1048370,FBHS
FBHS,2015-08-07,48.21,48.23,47.116,47.19,1429200,FBHS
FBHS,2015-08-10,48.98,49.43,48.39,48.5,1715122,FBHS
FBHS,2015-08-11,49.69,49.76,48.406,48.45,1746494,FBHS
FBHS,2015-08-12,49.86,50.01,48.48,49.07,1803825,FBHS
FBHS,2015-08-13,50.38,50.51,49.68,49.79,962818,FBHS
FBHS,2015-08-14,50.9,51.04,50.09,50.22,1128308,FBHS
FBHS,2015-08-17,51.42,51.49,50.65,50.99,986405,FBHS
FBHS,2015-08-18,52.05,52.67,51.39,51.51,1997941,FBHS
FBHS,2015-08-19,52.5,52.85,51.63,51.66,1849808,FBHS
FBHS,2015-08-20,50.65,52.46,50.6,52.15,1894418,FBHS
FBHS,2015-08-21,49.68,50.74,49.65,50.04,1456301,FBHS
FBHS,2015-08-24,47.06,49.34,41.17,44.37,2493338,FBHS
FBHS,2015-08-25,46.32,48.47,46.31,48.46,1823190,FBHS
FBHS,2015-08-26,47.35,47.595,45.96,47.0,1744970,FBHS
FBHS,2015-08-27,48.42,48.65,47.59,47.89,1063188,FBHS
FBHS,2015-08-28,48.34,48.62,47.64,48.2,881482,FBHS
FBHS,2015-08-31,47.85,48.29,47.58,48.15,1349854,FBHS
FBHS,2015-09-01,46.41,47.17,46.21,47.01,1052888,FBHS
FBHS,2015-09-02,48.38,48.39,46.76,46.94,1666591,FBHS
FBHS,2015-09-03,48.94,49.45,48.31,48.37,1137397,FBHS
FBHS,2015-09-04,48.79,49.03,48.03,48.15,1553565,FBHS
FBHS,2015-09-07,48.79,48.79,48.79,48.79,0,FBHS
FBHS,2015-09-08,50.75,50.82,49.26,49.59,2077176,FBHS
FBHS,2015-09-09,50.68,51.31,50.59,50.91,1413526,FBHS
FBHS,2015-09-10,50.89,51.63,50.31,50.89,1867754,FBHS
FBHS,2015-09-11,51.78,51.83,50.51,50.52,1483717,FBHS
FBHS,2015-09-14,51.96,52.068,51.38,52.0,993585,FBHS
FBHS,2015-09-15,52.03,52.31,51.87,52.09,1576423,FBHS
FBHS,2015-09-16,51.89,52.25,51.79,51.84,1165336,FBHS
FBHS,2015-09-17,52.0,53.01,51.77,51.95,1765807,FBHS
FBHS,2015-09-18,51.36,51.97,51.051,51.26,2100052,FBHS
FBHS,2015-09-21,51.06,51.84,50.6,51.48,1157869,FBHS
FBHS,2015-09-22,50.37,50.54,49.93,50.14,1041511,FBHS
FBHS,2015-09-23,50.09,50.58,49.76,50.26,825004,FBHS
FBHS,2015-09-24,49.35,50.0,48.86,49.89,2010837,FBHS
FBHS,2015-09-25,49.31,49.9,49.04,49.78,900430,FBHS
FBHS,2015-09-28,48.08,49.32,47.65,49.0,1678739,FBHS
FBHS,2015-09-29,46.75,48.31,46.4,47.98,1895402,FBHS
FBHS,2015-09-30,47.47,47.795,46.64,47.11,1830802,FBHS
FBHS,2015-10-01,48.02,48.13,47.12,47.51,1726300,FBHS
FBHS,2015-10-02,48.23,48.33,47.098,47.57,1792837,FBHS
FBHS,2015-10-05,48.9,49.46,48.28,48.7,2636496,FBHS
FBHS,2015-10-06,48.64,49.53,48.28,49.37,1493015,FBHS
FBHS,2015-10-07,49.62,49.65,48.69,48.96,1324005,FBHS
FBHS,2015-10-08,50.29,50.67,49.27,49.52,1292876,FBHS
FBHS,2015-10-09,50.62,50.81,50.15,50.38,1045318,FBHS
FBHS,2015-10-12,50.84,50.88,50.43,50.72,826452,FBHS
FBHS,2015-10-13,48.84,50.51,48.8,49.75,1685954,FBHS
FBHS,2015-10-14,47.64,48.93,47.64,48.67,2057828,FBHS
FBHS,2015-10-15,48.67,48.71,47.72,47.88,1359883,FBHS
FBHS,2015-10-16,48.84,48.95,48.395,48.9,1380060,FBHS
FBHS,2015-10-19,48.59,49.04,48.49,48.69,1527716,FBHS
FBHS,2015-10-20,49.14,49.83,48.5,48.61,2154601,FBHS
FBHS,2015-10-21,49.27,50.04,48.87,49.43,2473682,FBHS
FBHS,2015-10-22,52.03,52.09,48.7,49.26,2877752,FBHS
FBHS,2015-10-23,51.78,52.25,50.92,52.25,2171608,FBHS
FBHS,2015-10-26,52.04,52.2,51.43,51.81,1449214,FBHS
FBHS,2015-10-27,51.24,51.92,50.92,51.76,1973024,FBHS
FBHS,2015-10-28,51.85,52.37,51.3,51.48,1497182,FBHS
FBHS,2015-10-29,52.02,52.19,51.36,51.94,2310342,FBHS
FBHS,2015-10-30,52.33,53.27,51.93,51.93,1547134,FBHS
FBHS,2015-11-02,53.3,53.4,52.37,52.74,1409456,FBHS
FBHS,2015-11-03,52.51,53.21,52.45,53.02,874874,FBHS
FBHS,2015-11-04,52.27,52.88,52.08,52.51,1321662,FBHS
FBHS,2015-11-05,52.86,52.95,52.24,52.43,753861,FBHS
FBHS,2015-11-06,51.97,53.199,51.71,52.79,1127507,FBHS
FBHS,2015-11-09,52.0,52.16,51.29,51.69,1238390,FBHS
FBHS,2015-11-10,52.31,52.37,51.78,51.78,850293,FBHS
FBHS,2015-11-11,52.81,53.21,52.32,52.47,631244,FBHS
FBHS,2015-11-12,52.21,52.68,51.89,52.28,827325,FBHS
FBHS,2015-11-13,51.51,52.42,51.47,52.01,747796,FBHS
FBHS,2015-11-16,52.24,52.33,51.31,51.56,702109,FBHS
FBHS,2015-11-17,52.64,52.88,52.415,52.42,901636,FBHS
FBHS,2015-11-18,54.13,54.23,52.67,52.67,1309923,FBHS
FBHS,2015-11-19,54.54,54.61,53.88,54.11,1087987,FBHS
FBHS,2015-11-20,54.61,55.09,54.4,54.55,797062,FBHS
FBHS,2015-11-23,55.31,55.48,54.55,54.55,1001514,FBHS
FBHS,2015-11-24,55.29,55.62,54.57,54.57,661445,FBHS
FBHS,2015-11-25,55.6,55.88,55.24,55.24,576904,FBHS
FBHS,2015-11-26,55.6,55.6,55.6,55.6,0,FBHS
FBHS,2015-11-27,55.61,56.01,55.41,55.67,297925,FBHS
FBHS,2015-11-30,54.97,55.86,54.83,55.86,1057749,FBHS
FBHS,2015-12-01,55.86,56.06,55.23,55.49,683808,FBHS
FBHS,2015-12-02,56.4,56.41,55.53,55.7,1474810,FBHS
FBHS,2015-12-03,55.02,56.46,54.69,56.4,2046336,FBHS
FBHS,2015-12-04,55.93,55.96,54.95,55.1,719661,FBHS
FBHS,2015-12-07,55.65,55.76,54.99,55.69,1058035,FBHS
FBHS,2015-12-08,55.69,55.855,54.04,54.7,869098,FBHS
FBHS,2015-12-09,54.2,55.82,53.98,55.24,1309913,FBHS
FBHS,2015-12-10,55.14,55.82,54.295,54.45,1286186,FBHS
FBHS,2015-12-11,55.3,55.57,54.39,54.63,1440472,FBHS
FBHS,2015-12-14,55.64,55.98,54.6,55.52,1377643,FBHS
FBHS,2015-12-15,55.47,55.89,55.18,55.89,1108917,FBHS
FBHS,2015-12-16,56.07,56.54,55.225,55.98,1013252,FBHS
FBHS,2015-12-17,55.3,56.35,55.29,56.35,1189739,FBHS
FBHS,2015-12-18,53.76,55.29,53.6,55.26,5643613,FBHS
FBHS,2015-12-21,54.61,55.08,54.03,54.22,1033964,FBHS
FBHS,2015-12-22,55.28,55.38,54.41,55.03,900994,FBHS
FBHS,2015-12-23,56.31,56.32,55.52,55.52,879624,FBHS
FBHS,2015-12-24,56.29,56.38,55.84,55.96,399946,FBHS
FBHS,2015-12-25,56.29,56.29,56.29,56.29,0,FBHS
FBHS,2015-12-28,56.47,56.52,55.74,56.0,611739,FBHS
FBHS,2015-12-29,56.36,56.99,56.01,56.7,574183,FBHS
FBHS,2015-12-30,56.25,56.66,56.05,56.34,546638,FBHS
FBHS,2015-12-31,55.5,56.53,55.5,56.16,630009,FBHS
FBHS,2016-01-01,55.5,55.5,55.5,55.5,0,FBHS
FBHS,2016-01-04,54.88,54.88,53.88,54.86,1418743,FBHS
FBHS,2016-01-05,54.21,55.36,54.18,55.09,903182,FBHS
FBHS,2016-01-06,52.38,53.1,51.78,52.8,2219290,FBHS
FBHS,2016-01-07,49.68,51.83,49.67,51.68,2021148,FBHS
FBHS,2016-01-08,50.44,51.02,50.01,50.2,1794493,FBHS
FBHS,2016-01-11,49.84,51.02,49.27,50.65,1475600,FBHS
FBHS,2016-01-12,49.89,50.905,49.08,50.46,1540584,FBHS
FBHS,2016-01-13,47.17,50.06,47.06,49.99,2072903,FBHS
FBHS,2016-01-14,48.21,48.6325,46.85,47.56,2445805,FBHS
FBHS,2016-01-15,47.19,48.21,46.39,46.39,2058987,FBHS
FBHS,2016-01-18,47.19,47.19,47.19,47.19,0,FBHS
FBHS,2016-01-19,47.51,49.08,47.19,47.78,1529068,FBHS
FBHS,2016-01-20,47.67,48.36,45.57,46.76,1860361,FBHS
FBHS,2016-01-21,47.68,48.65,47.27,47.61,1288239,FBHS
FBHS,2016-01-22,48.54,49.78,48.08,48.41,1679992,FBHS
FBHS,2016-01-25,47.54,48.56,47.39,48.09,798626,FBHS
FBHS,2016-01-26,47.83,48.16,46.41,47.16,1810027,FBHS
FBHS,2016-01-27,47.12,48.2,46.58,47.49,1375833,FBHS
FBHS,2016-01-28,46.78,48.09,46.74,47.39,1521247,FBHS
FBHS,2016-01-29,48.59,48.69,47.1,47.1,2218762,FBHS
FBHS,2016-02-01,48.13,48.58,47.67,48.32,2992987,FBHS
FBHS,2016-02-02,46.55,47.69,46.475,47.64,1946982,FBHS
FBHS,2016-02-03,46.38,47.31,45.23,46.86,2160960,FBHS
FBHS,2016-02-04,46.64,48.71,44.21,44.46,2805309,FBHS
FBHS,2016-02-05,45.48,46.89,45.28,46.6,2565074,FBHS
FBHS,2016-02-08,45.29,45.55,44.19,44.77,4829137,FBHS
FBHS,2016-02-09,45.61,45.9,44.31,44.63,2481581,FBHS
FBHS,2016-02-10,46.0,47.69,45.89,45.9,2771619,FBHS
FBHS,2016-02-11,45.27,46.07,44.69,45.41,2595577,FBHS
FBHS,2016-02-12,46.86,47.11,45.4,45.82,2321913,FBHS
FBHS,2016-02-15,46.86,46.86,46.86,46.86,0,FBHS
FBHS,2016-02-16,47.75,48.03,47.43,47.62,2495833,FBHS
FBHS,2016-02-17,49.53,49.61,47.86,47.98,2384760,FBHS
FBHS,2016-02-18,49.61,49.85,48.65,49.22,2641755,FBHS
FBHS,2016-02-19,49.58,50.45,49.18,49.26,2100090,FBHS
FBHS,2016-02-22,50.26,50.42,49.73,49.99,1649725,FBHS
FBHS,2016-02-23,51.13,51.61,50.21,50.21,2447426,FBHS
FBHS,2016-02-24,51.07,51.325,49.99,50.4,1542263,FBHS
FBHS,2016-02-25,50.93,51.635,50.49,51.31,1222571,FBHS
FBHS,2016-02-26,51.17,51.29,50.565,51.15,1413247,FBHS
FBHS,2016-02-29,50.22,51.5,50.2,51.21,1389640,FBHS
FBHS,2016-03-01,51.38,51.5,50.36,50.72,1264389,FBHS
FBHS,2016-03-02,51.41,51.43,50.73,51.19,760464,FBHS
FBHS,2016-03-03,51.4,51.605,50.67,51.46,790554,FBHS
FBHS,2016-03-04,52.11,52.6,51.26,51.41,1310208,FBHS
FBHS,2016-03-07,51.34,51.87,51.13,51.75,1127078,FBHS
FBHS,2016-03-08,50.8,51.59,50.49,51.16,1153314,FBHS
FBHS,2016-03-09,50.91,51.31,50.5,51.06,791987,FBHS
FBHS,2016-03-10,50.87,51.77,50.39,51.2,743828,FBHS
FBHS,2016-03-11,51.37,51.56,50.79,51.2,765289,FBHS
FBHS,2016-03-14,51.82,52.01,50.9,51.1,1173613,FBHS
FBHS,2016-03-15,52.89,52.92,51.21,51.4,1672674,FBHS
FBHS,2016-03-16,54.11,54.15,52.76,52.87,1562440,FBHS
FBHS,2016-03-17,54.16,55.05,53.71,54.0,288455,FBHS
FBHS,2016-03-18,55.0,55.12,54.0,54.04,1451710,FBHS
FBHS,2016-03-21,54.61,55.15,54.56,54.8,1024804,FBHS
FBHS,2016-03-22,54.59,54.75,54.14,54.26,1012470,FBHS
FBHS,2016-03-23,54.65,55.66,54.44,54.61,1543321,FBHS
FBHS,2016-03-24,54.56,54.665,54.05,54.46,805250,FBHS
FBHS,2016-03-25,54.56,54.56,54.56,54.56,0,FBHS
FBHS,2016-03-28,55.0,55.08,54.5,54.62,622150,FBHS
FBHS,2016-03-29,55.97,55.98,54.86,54.86,1066959,FBHS
FBHS,2016-03-30,55.8,56.06,55.52,56.06,612893,FBHS
FBHS,2016-03-31,56.04,56.36,55.39,55.9,800906,FBHS
FBHS,2016-04-01,56.47,56.72,55.7,55.71,1193973,FBHS
FBHS,2016-04-04,55.66,56.45,55.03,56.3,1205174,FBHS
FBHS,2016-04-05,55.43,55.75,54.98,55.16,640751,FBHS
FBHS,2016-04-06,56.64,56.66,55.465,55.53,875950,FBHS
FBHS,2016-04-07,56.18,58.32,55.5,56.4,1560274,FBHS
FBHS,2016-04-08,56.87,57.4,56.5,56.78,1135897,FBHS
FBHS,2016-04-11,57.01,57.67,56.97,57.05,1666870,FBHS
FBHS,2016-04-12,57.52,57.59,56.87,56.97,1400772,FBHS
FBHS,2016-04-13,58.84,59.26,57.725,57.83,1202464,FBHS
FBHS,2016-04-14,58.32,59.96,58.15,58.73,788937,FBHS
FBHS,2016-04-15,58.58,58.62,58.12,58.41,1196987,FBHS
FBHS,2016-04-18,59.19,59.2,58.34,58.49,961538,FBHS
FBHS,2016-04-19,58.37,59.59,58.18,59.23,1381874,FBHS
FBHS,2016-04-20,59.06,59.33,58.1001,58.27,1384587,FBHS
FBHS,2016-04-21,57.95,59.98,57.71,59.63,2278793,FBHS
FBHS,2016-04-22,57.11,58.09,56.92,57.81,1774556,FBHS
FBHS,2016-04-25,57.37,57.48,56.8801,57.18,920053,FBHS
FBHS,2016-04-26,57.38,57.56,56.71,57.4,968515,FBHS
FBHS,2016-04-27,56.93,57.36,56.41,57.07,1129879,FBHS
FBHS,2016-04-28,56.23,57.28,56.04,56.58,701450,FBHS
FBHS,2016-04-29,55.41,56.28,54.89,56.28,1166369,FBHS
FBHS,2016-05-02,56.39,56.52,55.34,55.79,1152959,FBHS
FBHS,2016-05-03,55.39,56.19,55.13,55.93,993232,FBHS
FBHS,2016-05-04,55.09,55.28,54.56,55.1,532414,FBHS
FBHS,2016-05-05,55.6,55.82,55.01,55.28,595084,FBHS
FBHS,2016-05-06,56.14,56.19,55.24,55.27,684886,FBHS
FBHS,2016-05-09,56.74,56.98,56.09,56.09,1420498,FBHS
FBHS,2016-05-10,57.18,57.31,56.55,57.0,1069402,FBHS
FBHS,2016-05-11,55.82,57.33,55.75,56.9,930622,FBHS
FBHS,2016-05-12,55.98,56.355,55.435,55.92,994379,FBHS
FBHS,2016-05-13,55.41,56.16,55.2,55.78,952182,FBHS
FBHS,2016-05-16,56.43,56.6,55.4,55.54,843574,FBHS
FBHS,2016-05-17,55.85,56.47,55.5,56.47,789435,FBHS
FBHS,2016-05-18,56.57,56.89,55.498,55.57,985255,FBHS
FBHS,2016-05-19,56.68,56.74,55.83,56.16,1130552,FBHS
FBHS,2016-05-20,57.68,57.92,56.91,56.94,1073036,FBHS
FBHS,2016-05-23,57.31,57.9,57.1,57.68,598724,FBHS
FBHS,2016-05-24,58.8,59.05,57.31,57.77,1441475,FBHS
FBHS,2016-05-25,58.72,59.22,58.31,58.91,874723,FBHS
FBHS,2016-05-26,58.46,59.02,58.33,58.83,446560,FBHS
FBHS,2016-05-27,58.93,59.4,58.2801,58.47,705723,FBHS
FBHS,2016-05-30,58.93,58.93,58.93,58.93,0,FBHS
FBHS,2016-05-31,58.67,59.18,58.3,59.0,914448,FBHS
FBHS,2016-06-01,58.73,58.81,58.09,58.33,573006,FBHS
FBHS,2016-06-02,58.67,58.67,57.97,58.55,760052,FBHS
FBHS,2016-06-03,58.37,58.69,57.85,58.48,513345,FBHS
FBHS,2016-06-06,57.65,58.43,57.395,58.43,1090272,FBHS
FBHS,2016-06-07,58.42,58.71,57.53,57.59,988351,FBHS
FBHS,2016-06-08,58.77,58.97,58.19,58.38,669908,FBHS
FBHS,2016-06-09,58.56,58.7,58.0701,58.4,727189,FBHS
FBHS,2016-06-10,57.01,58.23,56.88,57.97,714770,FBHS
FBHS,2016-06-13,56.34,56.97,56.31,56.54,784408,FBHS
FBHS,2016-06-14,55.97,56.41,55.38,56.28,996432,FBHS
FBHS,2016-06-15,55.93,56.3855,55.86,56.14,957922,FBHS
FBHS,2016-06-16,56.41,56.53,55.17,55.53,1016728,FBHS
FBHS,2016-06-17,56.49,56.63,55.86,56.35,2284719,FBHS
FBHS,2016-06-20,57.64,58.28,57.17,57.17,942567,FBHS
FBHS,2016-06-21,57.57,57.905,57.3,57.64,734741,FBHS
FBHS,2016-06-22,57.16,57.92,57.14,57.55,2978949,FBHS
FBHS,2016-06-23,56.84,57.73,56.84,57.7,31805569,FBHS
FBHS,2016-06-24,55.74,56.785,54.51,54.86,4578424,FBHS
FBHS,2016-06-27,55.11,55.32,54.585,55.13,2431859,FBHS
FBHS,2016-06-28,56.15,56.308,55.49,55.73,1863309,FBHS
FBHS,2016-06-29,56.71,56.91,56.32,56.72,1196379,FBHS
FBHS,2016-06-30,57.97,58.0,56.61,56.9,1305357,FBHS
FBHS,2016-07-01,58.1,58.42,57.7,58.0,1448649,FBHS
FBHS,2016-07-04,58.1,58.1,58.1,58.1,0,FBHS
FBHS,2016-07-05,57.76,58.0,57.25,58.0,1188810,FBHS
FBHS,2016-07-06,58.59,58.68,57.67,57.79,1153846,FBHS
FBHS,2016-07-07,58.78,58.84,58.34,58.57,1062039,FBHS
FBHS,2016-07-08,60.21,60.32,59.0,59.0,1544190,FBHS
FBHS,2016-07-11,61.1,61.18,60.493,60.5,1233185,FBHS
FBHS,2016-07-12,61.06,61.46,60.69,61.3,1618500,FBHS
FBHS,2016-07-13,61.38,61.64,60.94,61.45,1078386,FBHS
FBHS,2016-07-14,61.33,62.17,61.32,61.8,891067,FBHS
FBHS,2016-07-15,61.29,61.87,61.11,61.61,1054122,FBHS
FBHS,2016-07-18,61.3,61.61,61.11,61.36,663744,FBHS
FBHS,2016-07-19,61.14,61.44,60.9036,61.1,644301,FBHS
FBHS,2016-07-20,61.59,61.765,61.12,61.27,601219,FBHS
FBHS,2016-07-21,60.13,61.5,60.09,61.46,1536360,FBHS
FBHS,2016-07-22,60.45,60.565,59.47,60.43,1787531,FBHS
FBHS,2016-07-25,60.8,60.8,60.1,60.25,947644,FBHS
FBHS,2016-07-26,61.62,61.82,61.02,61.22,1671507,FBHS
FBHS,2016-07-27,61.76,62.84,61.4,61.93,1544499,FBHS
FBHS,2016-07-28,63.84,64.47,62.44,62.46,3090377,FBHS
FBHS,2016-07-29,63.27,64.21,63.21,63.67,1827175,FBHS
FBHS,2016-08-01,63.6,63.69,62.91,63.38,1026393,FBHS
FBHS,2016-08-02,63.19,63.48,62.6,63.48,1233706,FBHS
FBHS,2016-08-03,63.44,63.44,62.66,63.08,1188673,FBHS
FBHS,2016-08-04,63.46,63.9,63.13,63.72,1345824,FBHS
FBHS,2016-08-05,63.75,64.02,63.02,63.81,1469562,FBHS
FBHS,2016-08-08,63.96,64.05,63.63,63.83,1197570,FBHS
FBHS,2016-08-09,63.87,64.04,63.49,63.9,1523775,FBHS
FBHS,2016-08-10,63.95,64.04,63.29,63.98,1030683,FBHS
FBHS,2016-08-11,64.04,64.39,63.63,64.14,1637221,FBHS
FBHS,2016-08-12,63.89,64.05,63.37,64.05,1146089,FBHS
FBHS,2016-08-15,63.88,64.12,63.67,63.92,649958,FBHS
FBHS,2016-08-16,62.96,63.75,62.84,63.63,1556720,FBHS
FBHS,2016-08-17,62.45,62.85,61.91,62.85,1325712,FBHS
FBHS,2016-08-18,62.57,62.72,62.08,62.44,806123,FBHS
FBHS,2016-08-19,62.7,62.84,62.1,62.39,931120,FBHS
FBHS,2016-08-22,62.83,62.91,62.32,62.83,1222682,FBHS
FBHS,2016-08-23,63.73,63.995,62.98,62.98,1183747,FBHS
FBHS,2016-08-24,63.1,63.6099,63.03,63.4,684637,FBHS
FBHS,2016-08-25,63.52,63.59,62.81,63.03,848422,FBHS
FBHS,2016-08-26,63.4,63.9224,62.95,63.66,617070,FBHS
FBHS,2016-08-29,63.83,64.06,63.49,63.49,493060,FBHS
FBHS,2016-08-30,63.66,63.9,63.31,63.79,671458,FBHS
FBHS,2016-08-31,63.56,63.82,63.105,63.41,706918,FBHS
FBHS,2016-09-01,63.83,63.96,62.82,63.67,872062,FBHS
FBHS,2016-09-02,63.79,64.105,63.28,63.87,921096,FBHS
FBHS,2016-09-05,63.79,63.79,63.79,63.79,0,FBHS
FBHS,2016-09-06,63.0,64.02,62.78,63.87,875226,FBHS
FBHS,2016-09-07,62.52,63.08,62.2,62.74,960444,FBHS
FBHS,2016-09-08,61.93,62.68,61.75,62.26,952709,FBHS
FBHS,2016-09-09,58.72,61.55,58.58,61.55,1937991,FBHS
FBHS,2016-09-12,59.0,59.26,58.11,58.37,1905528,FBHS
FBHS,2016-09-13,58.2,58.9,57.96,58.66,1238399,FBHS
FBHS,2016-09-14,57.5,58.4,57.38,58.2,1106463,FBHS
FBHS,2016-09-15,57.83,57.99,57.4,57.4,944846,FBHS
FBHS,2016-09-16,56.1,57.49,56.09,57.49,2723300,FBHS
FBHS,2016-09-19,56.45,57.12,56.16,56.41,1817994,FBHS
FBHS,2016-09-20,56.42,56.86,56.15,56.86,1603161,FBHS
FBHS,2016-09-21,57.03,57.06,56.17,56.59,1764579,FBHS
FBHS,2016-09-22,58.2,58.325,57.49,57.49,1483887,FBHS
FBHS,2016-09-23,58.67,58.84,57.89,58.14,1664302,FBHS
FBHS,2016-09-26,58.68,59.04,58.13,58.22,1353895,FBHS
FBHS,2016-09-27,58.99,59.23,58.49,58.53,1465434,FBHS
FBHS,2016-09-28,58.54,59.32,58.24,58.98,1856997,FBHS
FBHS,2016-09-29,57.91,59.04,57.9,58.73,1451678,FBHS
FBHS,2016-09-30,58.1,58.54,57.7,58.19,1292040,FBHS
FBHS,2016-10-03,57.02,58.11,56.87,57.79,1174947,FBHS
FBHS,2016-10-04,57.15,57.53,57.03,57.31,1008556,FBHS
FBHS,2016-10-05,56.48,57.45,56.42,57.43,1367311,FBHS
FBHS,2016-10-06,57.54,57.66,56.29,56.39,1406076,FBHS
FBHS,2016-10-07,55.7,57.48,55.7,57.41,1735500,FBHS
FBHS,2016-10-10,56.1,56.46,55.97,56.1,898999,FBHS
FBHS,2016-10-11,54.78,56.11,54.61,55.88,1368841,FBHS
FBHS,2016-10-12,55.53,55.74,54.8,54.89,1006394,FBHS
FBHS,2016-10-13,55.13,55.265,54.355,55.05,887821,FBHS
FBHS,2016-10-14,55.04,55.85,55.04,55.44,966317,FBHS
FBHS,2016-10-17,55.61,55.745,55.01,55.27,1024488,FBHS
FBHS,2016-10-18,54.81,55.87,54.78,55.87,1073221,FBHS
FBHS,2016-10-19,53.89,54.89,53.42,54.72,3305491,FBHS
FBHS,2016-10-20,54.12,54.22,53.525,53.7,1656096,FBHS
FBHS,2016-10-21,54.29,54.35,53.54,53.74,816314,FBHS
FBHS,2016-10-24,55.37,55.685,54.69,54.7,1612128,FBHS
FBHS,2016-10-25,52.31,54.9,52.26,54.9,3072475,FBHS
FBHS,2016-10-26,53.16,53.5,52.051,52.23,2952906,FBHS
FBHS,2016-10-27,54.02,55.14,53.25,53.75,4004060,FBHS
FBHS,2016-10-28,53.73,54.25,53.25,53.83,2400565,FBHS
FBHS,2016-10-31,54.63,55.07,53.89,54.06,1969288,FBHS
FBHS,2016-11-01,53.34,54.63,52.66,54.62,1803918,FBHS
FBHS,2016-11-02,53.14,53.85,52.82,53.29,1908276,FBHS
FBHS,2016-11-03,52.84,53.39,52.56,53.16,1732923,FBHS
FBHS,2016-11-04,52.86,53.74,52.8,53.06,1107268,FBHS
FBHS,2016-11-07,54.55,54.58,53.41,53.76,1481048,FBHS
FBHS,2016-11-08,54.39,54.7,53.89,54.33,1217944,FBHS
FBHS,2016-11-09,54.7,54.97,53.345,53.75,1790684,FBHS
FBHS,2016-11-10,55.74,55.99,54.88,55.06,1732144,FBHS
FBHS,2016-11-11,55.24,56.3,55.0,55.59,1116528,FBHS
FBHS,2016-11-14,56.08,56.14,55.26,55.59,1344899,FBHS
FBHS,2016-11-15,57.11,57.13,56.245,56.56,1791788,FBHS
FBHS,2016-11-16,56.16,57.1,55.96,56.91,975799,FBHS
FBHS,2016-11-17,57.4,57.49,56.27,56.51,1141877,FBHS
FBHS,2016-11-18,57.59,57.75,57.02,57.3,1187545,FBHS
FBHS,2016-11-21,58.07,58.39,57.41,57.77,1226975,FBHS
FBHS,2016-11-22,56.75,58.08,56.58,57.93,1338286,FBHS
FBHS,2016-11-23,57.08,57.14,56.45,56.75,697456,FBHS
FBHS,2016-11-24,57.08,57.08,57.08,57.08,0,FBHS
FBHS,2016-11-25,57.36,57.41,56.89,57.1,319691,FBHS
FBHS,2016-11-28,56.18,57.4099,55.675,57.12,1208829,FBHS
FBHS,2016-11-29,56.2,56.96,56.061,56.33,1625081,FBHS
FBHS,2016-11-30,55.15,56.61,55.13,56.31,1357306,FBHS
FBHS,2016-12-01,53.82,55.21,53.6,55.14,1617903,FBHS
FBHS,2016-12-02,53.8,54.26,53.54,53.94,1032449,FBHS
FBHS,2016-12-05,54.97,55.12,54.18,54.2,1132300,FBHS
FBHS,2016-12-06,55.15,55.28,54.7,55.25,1341123,FBHS
FBHS,2016-12-07,55.67,55.8105,55.04,55.23,1865856,FBHS
FBHS,2016-12-08,56.44,56.61,55.35,55.67,1627617,FBHS
FBHS,2016-12-09,56.37,56.66,56.0573,56.35,605381,FBHS
FBHS,2016-12-12,55.27,55.92,55.03,55.79,855558,FBHS
FBHS,2016-12-13,55.43,55.87,55.28,55.5,1024659,FBHS
FBHS,2016-12-14,56.02,56.92,55.32,55.32,1306597,FBHS
FBHS,2016-12-15,54.6,56.385,54.53,56.0,1141957,FBHS
FBHS,2016-12-16,55.26,55.42,54.54,54.8,2524305,FBHS
FBHS,2016-12-19,55.15,55.93,54.97,55.46,901265,FBHS
FBHS,2016-12-20,54.9,55.46,54.55,55.3,1232868,FBHS
FBHS,2016-12-21,55.39,55.91,54.78,55.0,1734101,FBHS
FBHS,2016-12-22,54.98,55.5,54.84,55.5,1013022,FBHS
FBHS,2016-12-23,54.98,55.24,54.87,55.2,324113,FBHS
FBHS,2016-12-26,54.98,54.98,54.98,54.98,0,FBHS
FBHS,2016-12-27,55.22,55.33,54.93,54.95,635625,FBHS
FBHS,2016-12-28,54.18,55.43,54.15,55.43,776999,FBHS
FBHS,2016-12-29,54.05,54.42,53.8701,54.13,780522,FBHS
FBHS,2016-12-30,53.46,54.34,53.24,54.34,1087755,FBHS
FBHS,2017-01-02,53.46,53.46,53.46,53.46,0,FBHS
FBHS,2017-01-03,53.89,54.72,53.32,53.99,1842367,FBHS
FBHS,2017-01-04,54.46,54.81,53.83,53.94,1041844,FBHS
FBHS,2017-01-05,53.95,54.75,53.88,54.46,1191927,FBHS
FBHS,2017-01-06,54.78,55.06,53.9,53.9,2121995,FBHS
FBHS,2017-01-09,53.9,54.61,53.87,54.61,1456165,FBHS
FBHS,2017-01-10,54.17,54.47,53.77,53.83,834212,FBHS
FBHS,2017-01-11,54.47,54.57,53.98,54.02,969901,FBHS
FBHS,2017-01-12,54.24,54.54,53.15,54.3,1330444,FBHS
FBHS,2017-01-13,54.27,54.62,54.25,54.36,995426,FBHS
FBHS,2017-01-16,54.27,54.27,54.27,54.27,0,FBHS
FBHS,2017-01-17,54.0,54.39,53.76,54.09,1338750,FBHS
FBHS,2017-01-18,54.3,54.355,53.68,54.09,1624833,FBHS
FBHS,2017-01-19,54.86,55.15,54.24,54.24,1241841,FBHS
FBHS,2017-01-20,55.41,55.478,54.82,54.9,1319665,FBHS
FBHS,2017-01-23,55.62,55.7,55.19,55.19,1063794,FBHS
FBHS,2017-01-24,56.76,56.99,55.834,55.94,1312187,FBHS
FBHS,2017-01-25,57.02,57.25,56.7201,56.98,1181680,FBHS
FBHS,2017-01-26,56.46,57.31,56.07,57.31,1170016,FBHS
FBHS,2017-01-27,56.0,56.69,55.835,56.69,876553,FBHS
FBHS,2017-01-30,55.64,56.05,54.95,56.05,1044381,FBHS
FBHS,2017-01-31,55.13,55.745,54.62,55.46,1470184,FBHS
FBHS,2017-02-01,56.3,57.0,55.05,55.05,2613722,FBHS
FBHS,2017-02-02,55.64,56.22,55.14,56.21,2064337,FBHS
FBHS,2017-02-03,56.1,56.44,55.98,56.05,1119485,FBHS
FBHS,2017-02-06,55.86,56.07,55.67,55.87,1118239,FBHS
FBHS,2017-02-07,55.82,56.07,55.695,56.07,945560,FBHS
FBHS,2017-02-08,55.94,55.96,55.25,55.92,1081749,FBHS
FBHS,2017-02-09,56.28,56.39,55.59,55.88,1230550,FBHS
FBHS,2017-02-10,57.07,57.21,56.1,56.44,769050,FBHS
FBHS,2017-02-13,57.08,57.61,56.8,57.18,601189,FBHS
FBHS,2017-02-14,56.86,57.3,56.19,57.3,974926,FBHS
FBHS,2017-02-15,57.39,57.48,56.6,56.8,1105364,FBHS
FBHS,2017-02-16,57.0,57.685,56.78,57.45,1173453,FBHS
FBHS,2017-02-17,57.06,57.06,56.41,56.86,864426,FBHS
FBHS,2017-02-20,57.06,57.06,57.06,57.06,0,FBHS
FBHS,2017-02-21,57.38,57.69,56.915,57.02,983015,FBHS
FBHS,2017-02-22,56.91,57.41,56.67,57.2,988001,FBHS
FBHS,2017-02-23,57.07,57.29,56.33,57.17,1440358,FBHS
FBHS,2017-02-24,57.4,57.4,56.56,56.82,814020,FBHS
FBHS,2017-02-27,58.21,58.24,57.4,57.4,1494890,FBHS
FBHS,2017-02-28,57.83,58.2,57.53,58.2,1254767,FBHS
FBHS,2017-03-01,58.72,59.13,58.52,58.56,1360647,FBHS
FBHS,2017-03-02,58.5,59.0,58.46,58.96,908993,FBHS
FBHS,2017-03-03,58.72,59.1,58.44,58.92,1577523,FBHS
FBHS,2017-03-06,57.9,58.59,57.76,58.35,1104913,FBHS
FBHS,2017-03-07,57.92,58.32,57.795,57.88,1053422,FBHS
FBHS,2017-03-08,58.7,58.72,57.711,57.91,947637,FBHS
FBHS,2017-03-09,59.38,59.83,58.93,59.08,1538333,FBHS
FBHS,2017-03-10,60.07,60.11,59.62,59.65,1111820,FBHS
FBHS,2017-03-13,60.1,60.215,59.76,59.82,1200369,FBHS
FBHS,2017-03-14,60.02,60.39,59.555,59.76,853165,FBHS
FBHS,2017-03-15,61.14,61.39,60.29,60.31,891208,FBHS
FBHS,2017-03-16,61.08,61.67,60.96,61.08,1121821,FBHS
FBHS,2017-03-17,61.04,61.33,60.94,61.2,1200418,FBHS
FBHS,2017-03-20,60.94,61.29,60.67,61.08,581277,FBHS
FBHS,2017-03-21,59.74,61.24,59.69,61.0,1497548,FBHS
FBHS,2017-03-22,59.77,60.18,59.42,59.74,1522311,FBHS
FBHS,2017-03-23,60.18,60.54,59.675,59.77,756903,FBHS
FBHS,2017-03-24,60.38,60.54,59.99,60.23,1761093,FBHS
FBHS,2017-03-27,60.28,60.33,59.56,59.65,989864,FBHS
FBHS,2017-03-28,60.66,60.84,59.88,60.14,785007,FBHS
FBHS,2017-03-29,60.9,60.9,60.01,60.34,1485838,FBHS
FBHS,2017-03-30,60.97,61.11,60.62,60.83,1287756,FBHS
FBHS,2017-03-31,60.85,61.06,60.52,60.81,1125560,FBHS
FBHS,2017-04-03,60.62,61.17,60.22,60.89,1402894,FBHS
FBHS,2017-04-04,60.62,60.775,60.37,60.48,1344215,FBHS
FBHS,2017-04-05,60.48,61.16,60.29,60.71,1729039,FBHS
FBHS,2017-04-06,61.85,62.28,61.29,61.95,2099585,FBHS
FBHS,2017-04-07,61.86,62.02,61.55,61.75,1148992,FBHS
FBHS,2017-04-10,61.97,62.62,61.76,61.76,951843,FBHS
FBHS,2017-04-11,62.06,62.15,61.72,61.8,1385668,FBHS
FBHS,2017-04-12,61.71,61.83,60.32,61.72,2218110,FBHS
FBHS,2017-04-13,61.5,62.03,61.49,61.49,1537344,FBHS
FBHS,2017-04-14,61.5,61.5,61.5,61.5,0,FBHS
FBHS,2017-04-17,61.92,61.94,61.46,61.65,1030470,FBHS
FBHS,2017-04-18,62.05,62.14,61.33,61.51,1060167,FBHS
FBHS,2017-04-19,62.15,62.78,62.06,62.29,955685,FBHS
FBHS,2017-04-20,62.32,62.59,62.13,62.39,1178213,FBHS
FBHS,2017-04-21,62.82,62.92,62.27,62.4,933121,FBHS
FBHS,2017-04-24,63.66,63.86,63.17,63.22,1182595,FBHS
FBHS,2017-04-25,64.93,65.18,63.85,64.41,1855317,FBHS
FBHS,2017-04-26,65.6,66.01,64.91,65.19,1770574,FBHS
FBHS,2017-04-27,64.19,65.53,63.55,65.0,3964882,FBHS
FBHS,2017-04-28,63.74,64.17,63.43,64.17,2142422,FBHS
FBHS,2017-05-01,63.32,63.96,63.3,63.96,1568681,FBHS
FBHS,2017-05-02,63.72,63.72,63.32,63.44,1556460,FBHS
FBHS,2017-05-03,63.19,63.52,63.1,63.35,1161053,FBHS
FBHS,2017-05-04,63.34,63.47,62.83,63.28,1086134,FBHS
FBHS,2017-05-05,63.48,63.6,63.06,63.46,775875,FBHS
FBHS,2017-05-08,63.43,63.72,63.29,63.35,915806,FBHS
FBHS,2017-05-09,63.5,63.695,63.38,63.45,862520,FBHS
FBHS,2017-05-10,63.64,63.7,63.37,63.37,620663,FBHS
FBHS,2017-05-11,63.07,63.32,62.7,63.28,907078,FBHS
FBHS,2017-05-12,62.57,63.08,62.53,62.93,1843046,FBHS
FBHS,2017-05-15,63.16,63.335,62.65,62.78,1324740,FBHS
FBHS,2017-05-16,62.89,63.21,62.76,63.21,1168784,FBHS
FBHS,2017-05-17,62.35,62.59,62.07,62.21,1306306,FBHS
FBHS,2017-05-18,62.84,63.09,62.05,62.15,1452754,FBHS
FBHS,2017-05-19,63.31,63.61,62.78,63.06,1576705,FBHS
FBHS,2017-05-22,63.07,63.57,63.03,63.42,545438,FBHS
FBHS,2017-05-23,62.61,63.4,62.53,63.15,680675,FBHS
FBHS,2017-05-24,63.12,63.15,62.33,62.48,684514,FBHS
FBHS,2017-05-25,63.17,63.4717,62.94,63.31,611528,FBHS
FBHS,2017-05-26,62.85,63.13,62.75,63.12,426587,FBHS
FBHS,2017-05-29,62.85,62.85,62.85,62.85,0,FBHS
FBHS,2017-05-30,62.89,62.98,62.52,62.76,398919,FBHS
FBHS,2017-05-31,63.1,63.23,62.45,62.99,853969,FBHS
FBHS,2017-06-01,63.34,63.53,62.95,63.27,763701,FBHS
FBHS,2017-06-02,63.5,63.73,63.25,63.37,775188,FBHS
FBHS,2017-06-05,62.99,63.51,62.98,63.5,474494,FBHS
FBHS,2017-06-06,62.43,62.77,62.3,62.75,650740,FBHS
FBHS,2017-06-07,62.66,62.795,62.44,62.53,697139,FBHS
FBHS,2017-06-08,62.75,62.97,62.2,62.66,708960,FBHS
FBHS,2017-06-09,63.31,63.47,62.71,62.81,715761,FBHS
FBHS,2017-06-12,63.38,63.63,62.76,63.21,919939,FBHS
FBHS,2017-06-13,64.59,64.76,63.15,63.29,911411,FBHS
FBHS,2017-06-14,65.33,65.69,64.6,64.67,1014744,FBHS
FBHS,2017-06-15,64.8,65.15,64.56,64.93,1022810,FBHS
FBHS,2017-06-16,64.36,64.87,64.06,64.86,1383628,FBHS
FBHS,2017-06-19,65.44,65.54,64.475,64.67,790669,FBHS
FBHS,2017-06-20,65.34,65.85,65.22,65.41,656818,FBHS
FBHS,2017-06-21,65.03,65.405,64.84,65.14,909231,FBHS
FBHS,2017-06-22,65.09,65.32,64.72,65.1,618616,FBHS
FBHS,2017-06-23,66.05,66.09,65.08,65.4,1569623,FBHS
FBHS,2017-06-26,65.9,66.35,65.9,66.12,790661,FBHS
FBHS,2017-06-27,65.47,66.0,65.46,65.74,1124954,FBHS
FBHS,2017-06-28,65.87,66.0,65.495,65.91,695754,FBHS
FBHS,2017-06-29,64.92,65.86,64.27,65.86,1107763,FBHS
FBHS,2017-06-30,65.24,65.7,65.09,65.09,667894,FBHS
FBHS,2017-07-03,65.41,65.78,65.21,65.6,379823,FBHS
FBHS,2017-07-04,65.41,65.41,65.41,65.41,0,FBHS
FBHS,2017-07-05,65.41,65.5,64.93,65.34,825418,FBHS
FBHS,2017-07-06,65.05,65.16,64.77,65.02,879239,FBHS
FBHS,2017-07-07,65.93,66.5,65.08,65.16,860870,FBHS
FBHS,2017-07-10,66.45,66.71,65.6,65.9,1063466,FBHS
FBHS,2017-07-11,66.56,66.69,66.03,66.39,1144626,FBHS
FBHS,2017-07-12,66.8,67.15,66.57,66.96,859593,FBHS
FBHS,2017-07-13,67.3,67.33,66.76,66.79,1314636,FBHS
FBHS,2017-07-14,67.1,67.5,67.03,67.36,905121,FBHS
FBHS,2017-07-17,67.07,67.21,66.84,67.05,916005,FBHS
FBHS,2017-07-18,66.76,67.13,66.44,66.98,520915,FBHS
FBHS,2017-07-19,67.11,67.19,65.76,65.76,1213700,FBHS
FBHS,2017-07-20,65.63,67.2,65.595,67.07,1090045,FBHS
FBHS,2017-07-21,65.88,66.03,65.34,65.53,599402,FBHS
FBHS,2017-07-24,65.71,65.88,65.45,65.88,777158,FBHS
FBHS,2017-07-25,65.93,66.25,65.635,66.15,460823,FBHS
FBHS,2017-07-26,65.91,66.17,65.71,65.87,513818,FBHS
FBHS,2017-07-27,65.74,66.395,65.54,65.99,685207,FBHS
FBHS,2017-07-28,65.66,66.16,65.22,65.75,844918,FBHS
FBHS,2017-07-31,65.67,66.09,65.4,65.83,917344,FBHS
FBHS,2017-08-01,66.16,66.3,65.76,65.92,1383929,FBHS
FBHS,2017-08-02,66.25,66.575,65.83,66.03,1371825,FBHS
FBHS,2017-08-03,65.04,66.43,63.74,65.88,2537598,FBHS
FBHS,2017-08-04,65.23,65.54,65.059,65.13,1144810,FBHS
FBHS,2017-08-07,65.26,65.385,64.83,65.19,1460071,FBHS
FBHS,2017-08-08,64.35,65.08,64.33,65.08,1652660,FBHS
FBHS,2017-08-09,63.87,64.36,63.68,64.33,1715592,FBHS
FBHS,2017-08-10,62.89,63.79,62.82,63.67,1440516,FBHS
FBHS,2017-08-11,63.31,63.58,62.56,62.7,1002023,FBHS
FBHS,2017-08-14,64.25,64.51,63.54,63.75,633916,FBHS
FBHS,2017-08-15,63.89,64.55,63.83,64.26,509982,FBHS
FBHS,2017-08-16,64.16,64.5,63.97,63.97,685562,FBHS
FBHS,2017-08-17,62.69,64.09,62.67,63.88,862902,FBHS
FBHS,2017-08-18,62.5,62.64,62.03,62.52,1327532,FBHS
FBHS,2017-08-21,62.82,62.9,62.26,62.5,675593,FBHS
FBHS,2017-08-22,63.25,63.378,62.8,62.92,756493,FBHS
FBHS,2017-08-23,62.58,63.09,62.34,62.77,964187,FBHS
FBHS,2017-08-24,62.46,62.85,62.31,62.72,754309,FBHS
FBHS,2017-08-25,62.35,62.76,62.09,62.76,886536,FBHS
FBHS,2017-08-28,61.95,62.66,61.82,62.66,656841,FBHS
FBHS,2017-08-29,61.94,62.11,61.34,61.62,592247,FBHS
FBHS,2017-08-30,62.01,62.19,61.84,62.07,846336,FBHS
FBHS,2017-08-31,62.53,62.66,62.1,62.36,1258223,FBHS
FBHS,2017-09-01,62.97,63.01,62.57,62.79,836890,FBHS
FBHS,2017-09-04,62.97,62.97,62.97,62.97,0,FBHS
FBHS,2017-09-05,62.64,63.09,62.37,62.87,782672,FBHS
FBHS,2017-09-06,63.32,63.46,62.65,62.76,1038986,FBHS
FBHS,2017-09-07,62.96,63.47,62.72,63.47,1072465,FBHS
FBHS,2017-09-08,64.43,64.57,62.72,62.91,1019444,FBHS
FBHS,2017-09-11,64.5,64.66,63.89,64.66,983223,FBHS
FBHS,2017-09-12,65.44,65.55,64.64,64.67,982750,FBHS
FBHS,2017-09-13,64.75,65.37,64.445,65.37,682804,FBHS
FBHS,2017-09-14,64.43,64.74,64.005,64.52,708148,FBHS
FBHS,2017-09-15,64.74,64.92,64.0,64.41,1191243,FBHS
FBHS,2017-09-18,64.25,65.16,64.23,64.88,687883,FBHS
FBHS,2017-09-19,64.31,64.5146,64.18,64.32,566430,FBHS
FBHS,2017-09-20,64.51,64.67,64.17,64.18,527279,FBHS
FBHS,2017-09-21,64.89,65.0,64.19,64.45,572838,FBHS
FBHS,2017-09-22,64.91,65.41,64.55,64.79,630733,FBHS
FBHS,2017-09-25,65.3,65.49,64.68,64.77,620450,FBHS
FBHS,2017-09-26,65.43,65.9,65.25,65.4,687710,FBHS
FBHS,2017-09-27,66.41,66.64,65.43,65.58,882274,FBHS
FBHS,2017-09-28,67.26,67.29,66.35,66.35,827217,FBHS
FBHS,2017-09-29,67.23,67.765,66.94,67.32,967654,FBHS
FBHS,2017-10-02,67.68,67.75,67.07,67.26,768384,FBHS
FBHS,2017-10-03,66.78,67.57,66.605,67.57,1560000,FBHS
FBHS,2017-10-04,66.33,66.94,66.04,66.94,1341373,FBHS
FBHS,2017-10-05,65.75,66.48,65.69,66.48,823101,FBHS
FBHS,2017-10-06,65.96,65.97,65.54,65.6,767513,FBHS
FBHS,2017-10-09,66.0,66.17,65.76,65.96,641219,FBHS
FBHS,2017-10-10,65.62,66.2,65.48,66.2,691669,FBHS
FBHS,2017-10-11,66.06,66.2,65.54,65.7,709946,FBHS
FBHS,2017-10-12,66.25,66.55,66.08,66.08,833809,FBHS
FBHS,2017-10-13,66.24,66.45,66.1098,66.37,586929,FBHS
FBHS,2017-10-16,66.3,66.37,65.88,66.3,478335,FBHS
FBHS,2017-10-17,66.08,66.55,65.92,66.32,662819,FBHS
FBHS,2017-10-18,65.35,66.46,65.33,66.22,1189936,FBHS
FBHS,2017-10-19,65.58,65.7,64.89,65.16,1748295,FBHS
FBHS,2017-10-20,67.0,67.17,65.9,65.94,1167071,FBHS
FBHS,2017-10-23,67.54,68.11,66.99,67.1,1552072,FBHS
FBHS,2017-10-24,68.12,68.36,66.94,67.22,1778100,FBHS
FBHS,2017-10-25,66.88,67.99,66.46,67.93,1082170,FBHS
FBHS,2017-10-26,68.35,68.82,66.42,66.42,1998155,FBHS
FBHS,2017-10-27,66.83,68.36,66.72,67.62,1091664,FBHS
FBHS,2017-10-30,66.15,67.02,66.0,66.92,1023565,FBHS
FBHS,2017-10-31,66.06,66.35,65.84,66.14,925287,FBHS
FBHS,2017-11-01,65.2,66.4,65.0,66.4,971712,FBHS
FBHS,2017-11-02,64.56,65.52,63.851,65.21,1057310,FBHS
FBHS,2017-11-03,64.17,64.94,63.98,64.38,1105648,FBHS
FBHS,2017-11-06,64.22,64.4,63.82,63.93,768270,FBHS
FBHS,2017-11-07,64.46,64.77,64.16,64.25,1058329,FBHS
FBHS,2017-11-08,64.12,64.34,63.68,64.32,738271,FBHS
FBHS,2017-11-09,64.0,64.09,63.42,63.74,1011859,FBHS
FBHS,2017-11-10,63.97,64.2,63.66,64.08,645967,FBHS
FBHS,2017-11-13,64.43,64.64,63.41,63.72,792391,FBHS
FBHS,2017-11-14,64.69,64.82,64.07,64.27,607150,FBHS
FBHS,2017-11-15,64.06,64.48,63.81,64.48,586862,FBHS
FBHS,2017-11-16,64.44,65.03,64.17,64.26,598903,FBHS
FBHS,2017-11-17,64.76,64.99,64.07,64.27,406339,FBHS
FBHS,2017-11-20,64.87,65.09,64.525,65.0,597871,FBHS
FBHS,2017-11-21,65.37,65.54,64.61,65.03,619050,FBHS
FBHS,2017-11-22,64.85,65.37,64.7,65.29,458911,FBHS
FBHS,2017-11-23,64.85,64.85,64.85,64.85,0,FBHS
FBHS,2017-11-24,64.68,65.42,64.535,65.35,263865,FBHS
FBHS,2017-11-27,64.52,64.96,64.42,64.77,518980,FBHS
FBHS,2017-11-28,65.72,65.78,64.58,64.63,751712,FBHS
FBHS,2017-11-29,66.87,67.05,65.81,65.94,906947,FBHS
FBHS,2017-11-30,68.42,68.8,67.0,67.0,1177567,FBHS
FBHS,2017-12-01,67.52,69.01,66.96,68.38,1414318,FBHS
FBHS,2017-12-04,68.89,69.61,67.75,67.96,1364910,FBHS
FBHS,2017-12-05,68.48,69.19,67.98,68.8,966131,FBHS
FBHS,2017-12-06,67.76,68.71,67.73,68.3,526745,FBHS
FBHS,2017-12-07,68.24,68.41,67.5099,67.6,508942,FBHS
FBHS,2017-12-08,68.22,68.48,67.69,68.48,865708,FBHS
FBHS,2017-12-11,68.12,68.5,67.92,68.5,1104732,FBHS
FBHS,2017-12-12,67.23,68.53,67.2,68.21,679915,FBHS
FBHS,2017-12-13,67.32,67.775,67.14,67.39,704656,FBHS
FBHS,2017-12-14,66.7,67.62,66.59,67.56,927864,FBHS
FBHS,2017-12-15,66.42,67.13,66.31,67.09,2256328,FBHS
FBHS,2017-12-18,67.48,67.59,66.47,66.59,1420626,FBHS
FBHS,2017-12-19,67.69,68.06,67.49,67.7,642122,FBHS
FBHS,2017-12-20,67.9,68.07,67.47,68.02,759864,FBHS
FBHS,2017-12-21,69.32,69.76,68.05,68.42,1204553,FBHS
FBHS,2017-12-22,68.53,69.48,68.25,69.48,510734,FBHS
FBHS,2017-12-25,68.53,68.53,68.53,68.53,0,FBHS
FBHS,2017-12-26,68.94,69.26,68.47,68.63,423575,FBHS
FBHS,2017-12-27,68.74,69.03,68.61,69.03,610544,FBHS
FBHS,2017-12-28,68.78,69.05,68.42,69.02,566348,FBHS
FBHS,2017-12-29,68.44,69.16,68.425,68.78,658321,FBHS
FBHS,2018-01-01,68.44,68.44,68.44,68.44,0,FBHS
FBHS,2018-01-02,68.74,68.87,68.34,68.71,799202,FBHS
FBHS,2018-01-03,69.55,69.62,68.72,68.91,1058598,FBHS
FBHS,2018-01-04,70.13,70.32,69.624,69.92,595268,FBHS
FBHS,2018-01-05,71.62,71.65,70.63,70.68,1329830,FBHS
FBHS,2018-01-08,71.43,71.71,70.94,71.56,1084682,FBHS
FBHS,2018-01-09,70.32,71.73,70.27,71.32,902911,FBHS
FBHS,2018-01-10,69.08,70.2,68.96,70.1,1197058,FBHS
FBHS,2018-01-11,69.78,69.78,68.54,69.36,672675,FBHS
FBHS,2018-01-12,70.62,70.63,69.52,70.06,921814,FBHS
FBHS,2018-01-15,70.62,70.62,70.62,70.62,0,FBHS
FBHS,2018-01-16,70.4,71.05,70.08,70.95,1561202,FBHS
FBHS,2018-01-17,71.81,72.03,70.81,70.92,1387501,FBHS
FBHS,2018-01-18,72.63,72.64,71.29,71.75,1293033,FBHS
FBHS,2018-01-19,72.64,72.94,72.34,72.81,915597,FBHS
FBHS,2018-01-22,72.84,72.86,72.33,72.75,635814,FBHS
FBHS,2018-01-23,72.5,73.11,72.13,72.58,897286,FBHS
FBHS,2018-01-24,73.13,73.62,72.57,72.67,1038419,FBHS
FBHS,2018-01-25,72.48,73.38,72.23,73.38,847408,FBHS
FBHS,2018-01-26,73.07,73.1,72.32,72.65,530972,FBHS
FBHS,2018-01-29,71.6,72.65,71.56,72.6,1193001,FBHS
FBHS,2018-01-30,70.82,71.14,70.38,71.02,1051984,FBHS
FBHS,2018-01-31,70.93,71.62,70.82,71.12,1261253,FBHS
FBHS,2018-02-01,69.82,71.02,69.76,70.79,1728394,FBHS
FBHS,2018-02-02,64.9,67.84,64.29,64.29,4064664,FBHS
FBHS,2018-02-05,62.98,65.555,62.98,64.58,3063710,FBHS
FBHS,2018-02-06,64.16,64.43,61.01,61.93,2912828,FBHS
FBHS,2018-02-07,63.4,64.87,63.28,64.02,3292289,FBHS
FBHS,2018-02-08,62.44,64.6,62.43,63.48,3572888,FBHS
FBHS,2018-02-09,61.71,63.52,61.09,62.75,3588374,FBHS
FBHS,2018-02-12,63.15,63.69,62.01,62.48,3198096,FBHS
FBHS,2018-02-13,63.08,63.27,62.62,63.03,1314167,FBHS
FBHS,2018-02-14,63.16,63.31,62.47,62.53,1631419,FBHS
FBHS,2018-02-15,62.91,63.82,62.46,63.7,2158885,FBHS
FBHS,2018-02-16,63.82,64.29,62.69,62.69,3327072,FBHS
FBHS,2018-02-19,63.82,63.82,63.82,63.82,0,FBHS
FBHS,2018-02-20,63.83,64.44,63.55,63.78,1879733,FBHS
FBHS,2018-02-21,63.48,64.73,63.45,63.92,1842413,FBHS
FBHS,2018-02-22,63.26,64.17,63.21,63.64,1661186,FBHS
FBHS,2018-02-23,63.52,63.55,63.12,63.52,1797496,FBHS
FBHS,2018-02-26,63.51,63.93,63.11,63.92,1311866,FBHS
FBHS,2018-02-27,62.52,64.01,62.49,63.7,1431308,FBHS
FBHS,2018-02-28,60.66,62.88,60.65,62.88,2097357,FBHS
FBHS,2018-03-01,59.9,60.995,59.43,60.68,2307070,FBHS
FBHS,2018-03-02,60.01,60.23,59.11,59.6,2014717,FBHS
FBHS,2018-03-05,61.1,61.41,59.38,59.71,2378398,FBHS
FBHS,2018-03-06,62.23,62.27,61.02,61.28,1614643,FBHS
FBHS,2018-03-07,61.79,62.16,61.35,61.56,1025091,FBHS
FBHS,2018-03-08,61.97,62.26,61.71,62.11,1407656,FBHS
FBHS,2018-03-09,63.52,63.55,61.88,62.45,1236366,FBHS
FBHS,2018-03-12,62.76,63.69,62.43,63.69,1829745,FBHS
FBHS,2018-03-13,62.57,63.58,62.5,63.2,729955,FBHS
FBHS,2018-03-14,61.7,63.01,61.29,62.76,1463257,FBHS
FBHS,2018-03-15,61.66,62.3,61.58,61.88,1458482,FBHS
FBHS,2018-03-16,62.08,62.43,61.56,61.56,1609403,FBHS
FBHS,2018-03-19,60.97,61.895,60.48,61.87,1660553,FBHS
FBHS,2018-03-20,60.68,61.24,60.62,61.02,907389,FBHS
FBHS,2018-03-21,60.87,61.445,60.59,60.86,978278,FBHS
FBHS,2018-03-22,59.69,60.9,59.68,60.42,1341211,FBHS
FBHS,2018-03-23,57.89,60.165,57.75,59.72,1735468,FBHS
FBHS,2018-03-26,59.42,59.49,58.45,58.58,1204822,FBHS
FBHS,2018-03-27,58.27,59.42,58.01,59.42,2231282,FBHS
FBHS,2018-03-28,58.3,59.2,58.09,58.44,1365818,FBHS
FBHS,2018-03-29,58.89,59.28,58.455,58.55,1911539,FBHS
FBHS,2018-03-30,58.89,58.89,58.89,58.89,0,FBHS
FBHS,2018-04-02,57.12,59.06,56.59,58.9,1226648,FBHS
FBHS,2018-04-03,57.8,57.86,57.04,57.27,1245168,FBHS
FBHS,2018-04-04,58.97,59.11,56.95,57.0,2399551,FBHS
FBHS,2018-04-05,59.95,60.34,59.25,59.28,1880855,FBHS
FBHS,2018-04-06,58.72,59.85,58.12,59.4,1457126,FBHS
FBHS,2018-04-09,58.17,59.21,58.11,59.21,1072644,FBHS
FBHS,2018-04-10,58.71,59.42,58.5,58.89,1289477,FBHS
FBHS,2018-04-11,58.72,59.01,58.19,58.33,1001463,FBHS
FBHS,2018-04-12,58.85,59.15,58.52,58.91,1638712,FBHS
FBHS,2018-04-13,58.35,59.44,58.145,59.3,1185900,FBHS
FBHS,2018-04-16,58.92,59.36,58.3401,58.71,1148662,FBHS
FBHS,2018-04-17,59.16,59.43,58.98,59.42,1043569,FBHS
FBHS,2018-04-18,58.93,59.6099,58.87,59.45,1979388,FBHS
FBHS,2018-04-19,57.51,58.96,56.885,58.59,1345972,FBHS
FBHS,2018-04-20,57.1,57.7,56.82,57.54,1802163,FBHS
FBHS,2018-04-23,57.26,57.52,56.57,57.35,2561429,FBHS
FBHS,2018-04-24,55.13,57.04,54.88,56.61,2865160,FBHS
FBHS,2018-04-25,56.03,56.44,54.79,55.14,1518037,FBHS
FBHS,2018-04-26,56.64,56.81,55.63,56.25,2388702,FBHS
FBHS,2018-04-27,56.88,57.91,55.05,55.45,3817866,FBHS
FBHS,2018-04-30,54.69,56.88,54.69,56.88,2446990,FBHS
FBHS,2018-05-01,55.74,55.77,53.92,54.75,2484018,FBHS
FBHS,2018-05-02,54.57,55.735,54.44,55.57,2193086,FBHS
FBHS,2018-05-03,54.3,54.85,53.56,54.27,1722015,FBHS
FBHS,2018-05-04,55.36,55.64,53.97,54.21,1599709,FBHS
FBHS,2018-05-07,55.02,55.51,54.73,55.5,1092258,FBHS
FBHS,2018-05-08,55.42,55.6,54.92,55.48,1385648,FBHS
FBHS,2018-05-09,55.25,55.49,54.71,55.43,1227432,FBHS
FBHS,2018-05-10,55.81,55.84,55.15,55.33,1195146,FBHS
FBHS,2018-05-11,56.12,56.43,55.68,55.81,1336137,FBHS
FBHS,2018-05-14,56.15,56.17,55.44,55.66,1769297,FBHS
FBHS,2018-05-15,55.96,56.12,55.15,55.96,2132634,FBHS
FBHS,2018-05-16,56.41,56.66,55.76,56.01,1843777,FBHS
FBHS,2018-05-17,56.99,57.26,56.24,56.24,1961745,FBHS
FBHS,2018-05-18,57.78,58.25,56.89,56.96,4846638,FBHS
FBHS,2018-05-21,57.74,58.22,57.51,58.03,1521033,FBHS
FBHS,2018-05-22,56.92,57.96,56.91,57.73,1443336,FBHS
FBHS,2018-05-23,57.08,57.1599,56.31,56.77,2124963,FBHS
FBHS,2018-05-24,56.97,57.38,56.66,56.89,1503992,FBHS
FBHS,2018-05-25,57.5,57.58,56.76,56.82,1800784,FBHS
FBHS,2018-05-28,57.5,57.5,57.5,57.5,0,FBHS
FBHS,2018-05-29,56.8,58.61,56.45,57.07,1611149,FBHS
